{"v":"5.5.7","meta":{"g":"LottieFiles AE 0.1.20","a":"","k":"","d":"","tc":""},"fr":25,"ip":0,"op":99,"w":826,"h":1080,"nm":"Star Wars Day 2020","ddd":1,"assets":[{"id":"comp_0","layers":[{"ddd":1,"ind":1,"ty":4,"nm":"Ellipse 8","sr":1,"ks":{"o":{"a":1,"k":[{"i":{"x":[0.833],"y":[0.833]},"o":{"x":[0.167],"y":[0.167]},"t":98,"s":[100]},{"t":101,"s":[100]}],"ix":11},"rx":{"a":1,"k":[{"i":{"x":[0.833],"y":[0.833]},"o":{"x":[0.167],"y":[0.167]},"t":98,"s":[0]},{"t":101,"s":[-6]}],"ix":8},"ry":{"a":1,"k":[{"i":{"x":[0.833],"y":[0.833]},"o":{"x":[0.167],"y":[0.167]},"t":98,"s":[0]},{"t":101,"s":[60]}],"ix":9},"rz":{"a":1,"k":[{"i":{"x":[0.833],"y":[0.833]},"o":{"x":[0.167],"y":[0.167]},"t":98,"s":[0]},{"t":101,"s":[-4]}],"ix":10},"or":{"a":1,"k":[{"i":{"x":0.833,"y":0.833},"o":{"x":0.167,"y":0.167},"t":98,"s":[0,0,0],"to":[0,0,0],"ti":[0,0,0]},{"t":101,"s":[0,0,4]}],"ix":7},"p":{"a":1,"k":[{"i":{"x":0.833,"y":0.833},"o":{"x":0.167,"y":0.167},"t":78,"s":[257.542,176.291,0],"to":[0,0,0],"ti":[52,-6,0]},{"i":{"x":0.833,"y":0.833},"o":{"x":0.167,"y":0.167},"t":89,"s":[139.542,224.291,0],"to":[-52,6,0],"ti":[16,8,0]},{"i":{"x":0.833,"y":0.833},"o":{"x":0.167,"y":0.167},"t":98,"s":[13.542,222.291,0],"to":[-16,-8,0],"ti":[0,0,0]},{"t":101,"s":[7.542,219.791,0]}],"ix":2},"a":{"a":0,"k":[0,0,0],"ix":1},"s":{"a":1,"k":[{"i":{"x":[0.833,0.833,0.833],"y":[0.833,0.833,0.833]},"o":{"x":[0.167,0.167,0.167],"y":[0.167,0.167,0.167]},"t":98,"s":[100,100,100]},{"t":101,"s":[88,88,88]}],"ix":6}},"ao":0,"shapes":[{"ty":"gr","it":[{"d":1,"ty":"el","s":{"a":0,"k":[33.867,33.867],"ix":2},"p":{"a":0,"k":[0,0],"ix":3},"nm":"Ellipse Path 1","mn":"ADBE Vector Shape - Ellipse","hd":false},{"ty":"fl","c":{"a":0,"k":[1,1,1,1],"ix":4},"o":{"a":0,"k":100,"ix":5},"r":1,"bm":0,"nm":"Fill 1","mn":"ADBE Vector Graphic - Fill","hd":false},{"ty":"tr","p":{"a":0,"k":[0,0],"ix":2},"a":{"a":0,"k":[0,0],"ix":1},"s":{"a":0,"k":[100,100],"ix":3},"r":{"a":0,"k":0,"ix":6},"o":{"a":0,"k":100,"ix":7},"sk":{"a":0,"k":0,"ix":4},"sa":{"a":0,"k":0,"ix":5},"nm":"Transform"}],"nm":"Ellipse 2","np":2,"cix":2,"bm":0,"ix":1,"mn":"ADBE Vector Group","hd":false}],"ip":78,"op":102,"st":71,"bm":0},{"ddd":1,"ind":2,"ty":4,"nm":"Ellipse 7","sr":1,"ks":{"o":{"a":1,"k":[{"i":{"x":[0.833],"y":[0.833]},"o":{"x":[0.167],"y":[0.167]},"t":74,"s":[100]},{"t":77,"s":[100]}],"ix":11},"rx":{"a":1,"k":[{"i":{"x":[0.833],"y":[0.833]},"o":{"x":[0.167],"y":[0.167]},"t":74,"s":[0]},{"t":77,"s":[-6]}],"ix":8},"ry":{"a":1,"k":[{"i":{"x":[0.833],"y":[0.833]},"o":{"x":[0.167],"y":[0.167]},"t":74,"s":[0]},{"t":77,"s":[60]}],"ix":9},"rz":{"a":1,"k":[{"i":{"x":[0.833],"y":[0.833]},"o":{"x":[0.167],"y":[0.167]},"t":74,"s":[0]},{"t":77,"s":[-4]}],"ix":10},"or":{"a":1,"k":[{"i":{"x":0.833,"y":0.833},"o":{"x":0.167,"y":0.167},"t":74,"s":[0,0,0],"to":[0,0,0],"ti":[0,0,0]},{"t":77,"s":[0,0,4]}],"ix":7},"p":{"a":1,"k":[{"i":{"x":0.833,"y":0.833},"o":{"x":0.167,"y":0.167},"t":54,"s":[257.542,176.291,0],"to":[0,0,0],"ti":[52,-6,0]},{"i":{"x":0.833,"y":0.833},"o":{"x":0.167,"y":0.167},"t":65,"s":[139.542,224.291,0],"to":[-52,6,0],"ti":[16,8,0]},{"i":{"x":0.833,"y":0.833},"o":{"x":0.167,"y":0.167},"t":74,"s":[13.542,222.291,0],"to":[-16,-8,0],"ti":[0,0,0]},{"t":77,"s":[7.542,219.791,0]}],"ix":2},"a":{"a":0,"k":[0,0,0],"ix":1},"s":{"a":1,"k":[{"i":{"x":[0.833,0.833,0.833],"y":[0.833,0.833,0.833]},"o":{"x":[0.167,0.167,0.167],"y":[0.167,0.167,0.167]},"t":74,"s":[100,100,100]},{"t":77,"s":[88,88,88]}],"ix":6}},"ao":0,"shapes":[{"ty":"gr","it":[{"d":1,"ty":"el","s":{"a":0,"k":[33.867,33.867],"ix":2},"p":{"a":0,"k":[0,0],"ix":3},"nm":"Ellipse Path 1","mn":"ADBE Vector Shape - Ellipse","hd":false},{"ty":"fl","c":{"a":0,"k":[1,1,1,1],"ix":4},"o":{"a":0,"k":100,"ix":5},"r":1,"bm":0,"nm":"Fill 1","mn":"ADBE Vector Graphic - Fill","hd":false},{"ty":"tr","p":{"a":0,"k":[0,0],"ix":2},"a":{"a":0,"k":[0,0],"ix":1},"s":{"a":0,"k":[100,100],"ix":3},"r":{"a":0,"k":0,"ix":6},"o":{"a":0,"k":100,"ix":7},"sk":{"a":0,"k":0,"ix":4},"sa":{"a":0,"k":0,"ix":5},"nm":"Transform"}],"nm":"Ellipse 2","np":2,"cix":2,"bm":0,"ix":1,"mn":"ADBE Vector Group","hd":false}],"ip":54,"op":78,"st":47,"bm":0},{"ddd":1,"ind":3,"ty":4,"nm":"Ellipse 6","sr":1,"ks":{"o":{"a":1,"k":[{"i":{"x":[0.833],"y":[0.833]},"o":{"x":[0.167],"y":[0.167]},"t":50,"s":[100]},{"t":53,"s":[100]}],"ix":11},"rx":{"a":1,"k":[{"i":{"x":[0.833],"y":[0.833]},"o":{"x":[0.167],"y":[0.167]},"t":50,"s":[0]},{"t":53,"s":[-6]}],"ix":8},"ry":{"a":1,"k":[{"i":{"x":[0.833],"y":[0.833]},"o":{"x":[0.167],"y":[0.167]},"t":50,"s":[0]},{"t":53,"s":[60]}],"ix":9},"rz":{"a":1,"k":[{"i":{"x":[0.833],"y":[0.833]},"o":{"x":[0.167],"y":[0.167]},"t":50,"s":[0]},{"t":53,"s":[-4]}],"ix":10},"or":{"a":1,"k":[{"i":{"x":0.833,"y":0.833},"o":{"x":0.167,"y":0.167},"t":50,"s":[0,0,0],"to":[0,0,0],"ti":[0,0,0]},{"t":53,"s":[0,0,4]}],"ix":7},"p":{"a":1,"k":[{"i":{"x":0.833,"y":0.833},"o":{"x":0.167,"y":0.167},"t":30,"s":[257.542,176.291,0],"to":[0,0,0],"ti":[52,-6,0]},{"i":{"x":0.833,"y":0.833},"o":{"x":0.167,"y":0.167},"t":41,"s":[139.542,224.291,0],"to":[-52,6,0],"ti":[16,8,0]},{"i":{"x":0.833,"y":0.833},"o":{"x":0.167,"y":0.167},"t":50,"s":[13.542,222.291,0],"to":[-16,-8,0],"ti":[0,0,0]},{"t":53,"s":[7.542,219.791,0]}],"ix":2},"a":{"a":0,"k":[0,0,0],"ix":1},"s":{"a":1,"k":[{"i":{"x":[0.833,0.833,0.833],"y":[0.833,0.833,0.833]},"o":{"x":[0.167,0.167,0.167],"y":[0.167,0.167,0.167]},"t":50,"s":[100,100,100]},{"t":53,"s":[88,88,88]}],"ix":6}},"ao":0,"shapes":[{"ty":"gr","it":[{"d":1,"ty":"el","s":{"a":0,"k":[33.867,33.867],"ix":2},"p":{"a":0,"k":[0,0],"ix":3},"nm":"Ellipse Path 1","mn":"ADBE Vector Shape - Ellipse","hd":false},{"ty":"fl","c":{"a":0,"k":[1,1,1,1],"ix":4},"o":{"a":0,"k":100,"ix":5},"r":1,"bm":0,"nm":"Fill 1","mn":"ADBE Vector Graphic - Fill","hd":false},{"ty":"tr","p":{"a":0,"k":[0,0],"ix":2},"a":{"a":0,"k":[0,0],"ix":1},"s":{"a":0,"k":[100,100],"ix":3},"r":{"a":0,"k":0,"ix":6},"o":{"a":0,"k":100,"ix":7},"sk":{"a":0,"k":0,"ix":4},"sa":{"a":0,"k":0,"ix":5},"nm":"Transform"}],"nm":"Ellipse 2","np":2,"cix":2,"bm":0,"ix":1,"mn":"ADBE Vector Group","hd":false}],"ip":30,"op":54,"st":23,"bm":0},{"ddd":1,"ind":4,"ty":4,"nm":"Ellipse 2","parent":11,"sr":1,"ks":{"o":{"a":1,"k":[{"i":{"x":[0.833],"y":[0.833]},"o":{"x":[0.167],"y":[0.167]},"t":26,"s":[100]},{"t":29,"s":[100]}],"ix":11},"rx":{"a":1,"k":[{"i":{"x":[0.833],"y":[0.833]},"o":{"x":[0.167],"y":[0.167]},"t":26,"s":[0]},{"t":29,"s":[-6]}],"ix":8},"ry":{"a":1,"k":[{"i":{"x":[0.833],"y":[0.833]},"o":{"x":[0.167],"y":[0.167]},"t":26,"s":[0]},{"t":29,"s":[60]}],"ix":9},"rz":{"a":1,"k":[{"i":{"x":[0.833],"y":[0.833]},"o":{"x":[0.167],"y":[0.167]},"t":26,"s":[0]},{"t":29,"s":[-4]}],"ix":10},"or":{"a":1,"k":[{"i":{"x":0.833,"y":0.833},"o":{"x":0.167,"y":0.167},"t":26,"s":[0,0,0],"to":[0,0,0],"ti":[0,0,0]},{"t":29,"s":[0,0,4]}],"ix":7},"p":{"a":1,"k":[{"i":{"x":0.833,"y":0.833},"o":{"x":0.167,"y":0.167},"t":6,"s":[251,48,0],"to":[0,0,0],"ti":[52,-6,0]},{"i":{"x":0.833,"y":0.833},"o":{"x":0.167,"y":0.167},"t":17,"s":[133,96,0],"to":[-52,6,0],"ti":[16,8,0]},{"i":{"x":0.833,"y":0.833},"o":{"x":0.167,"y":0.167},"t":26,"s":[7,94,0],"to":[-16,-8,0],"ti":[0,0,0]},{"t":29,"s":[1,91.5,0]}],"ix":2},"a":{"a":0,"k":[0,0,0],"ix":1},"s":{"a":1,"k":[{"i":{"x":[0.833,0.833,0.833],"y":[0.833,0.833,0.833]},"o":{"x":[0.167,0.167,0.167],"y":[0.167,0.167,0.167]},"t":26,"s":[100,100,100]},{"t":29,"s":[88,88,88]}],"ix":6}},"ao":0,"shapes":[{"ty":"gr","it":[{"d":1,"ty":"el","s":{"a":0,"k":[33.867,33.867],"ix":2},"p":{"a":0,"k":[0,0],"ix":3},"nm":"Ellipse Path 1","mn":"ADBE Vector Shape - Ellipse","hd":false},{"ty":"fl","c":{"a":0,"k":[1,1,1,1],"ix":4},"o":{"a":0,"k":100,"ix":5},"r":1,"bm":0,"nm":"Fill 1","mn":"ADBE Vector Graphic - Fill","hd":false},{"ty":"tr","p":{"a":0,"k":[0,0],"ix":2},"a":{"a":0,"k":[0,0],"ix":1},"s":{"a":0,"k":[100,100],"ix":3},"r":{"a":0,"k":0,"ix":6},"o":{"a":0,"k":100,"ix":7},"sk":{"a":0,"k":0,"ix":4},"sa":{"a":0,"k":0,"ix":5},"nm":"Transform"}],"nm":"Ellipse 2","np":2,"cix":2,"bm":0,"ix":1,"mn":"ADBE Vector Group","hd":false}],"ip":6,"op":30,"st":-1,"bm":0},{"ddd":0,"ind":5,"ty":4,"nm":"Path 8","parent":11,"sr":1,"ks":{"o":{"a":0,"k":100,"ix":11},"r":{"a":0,"k":0,"ix":10},"p":{"a":0,"k":[116.125,10.374,0],"ix":2},"a":{"a":0,"k":[100.535,26.217,0],"ix":1},"s":{"a":0,"k":[100,100,100],"ix":6}},"ao":0,"shapes":[{"ty":"gr","it":[{"ind":0,"ty":"sh","ix":1,"ks":{"a":0,"k":{"i":[[1.821,0.191],[50.033,0],[14.489,2.604],[0.092,-0.114],[2.482,-4.068],[-17.044,0],[-43.692,27.757],[2.12,2.028]],"o":[[-39.137,25.24],[-15.239,0],[-0.12,0.103],[-2.844,3.579],[16.211,2.895],[55.597,0],[-2.687,-2.004],[-1.909,-1.826]],"v":[[188.23,0],[52.454,39.892],[7.806,35.927],[7.472,36.245],[0,48.028],[49.945,52.435],[201.07,8.592],[193.734,2.94]],"c":true},"ix":2},"nm":"Path 1","mn":"ADBE Vector Shape - Group","hd":false},{"ty":"fl","c":{"a":0,"k":[0,0,0,1],"ix":4},"o":{"a":0,"k":100,"ix":5},"r":1,"bm":0,"nm":"Fill 1","mn":"ADBE Vector Graphic - Fill","hd":false},{"ty":"tr","p":{"a":0,"k":[0,0],"ix":2},"a":{"a":0,"k":[0,0],"ix":1},"s":{"a":0,"k":[100,100],"ix":3},"r":{"a":0,"k":0,"ix":6},"o":{"a":0,"k":100,"ix":7},"sk":{"a":0,"k":0,"ix":4},"sa":{"a":0,"k":0,"ix":5},"nm":"Transform"}],"nm":"Path 8","np":2,"cix":2,"bm":0,"ix":1,"mn":"ADBE Vector Group","hd":false}],"ip":0,"op":101,"st":0,"bm":0},{"ddd":1,"ind":6,"ty":4,"nm":"Ellipse 5","sr":1,"ks":{"o":{"a":1,"k":[{"i":{"x":[0.833],"y":[0.833]},"o":{"x":[0.167],"y":[0.167]},"t":94,"s":[100]},{"t":97,"s":[100]}],"ix":11},"rx":{"a":1,"k":[{"i":{"x":[0.833],"y":[0.833]},"o":{"x":[0.167],"y":[0.167]},"t":94,"s":[0]},{"t":97,"s":[-22]}],"ix":8},"ry":{"a":1,"k":[{"i":{"x":[0.833],"y":[0.833]},"o":{"x":[0.167],"y":[0.167]},"t":94,"s":[0]},{"t":97,"s":[64]}],"ix":9},"rz":{"a":1,"k":[{"i":{"x":[0.833],"y":[0.833]},"o":{"x":[0.167],"y":[0.167]},"t":94,"s":[0]},{"t":97,"s":[8]}],"ix":10},"or":{"a":1,"k":[{"i":{"x":0.833,"y":0.833},"o":{"x":0.167,"y":0.167},"t":94,"s":[0,0,0],"to":[0,0,0],"ti":[4,0,0]},{"t":97,"s":[0,4,6]}],"ix":7},"p":{"a":1,"k":[{"i":{"x":0.833,"y":0.833},"o":{"x":0.167,"y":0.167},"t":72,"s":[257.542,142.291,0],"to":[0,0,0],"ti":[52,-6,0]},{"i":{"x":0.833,"y":0.833},"o":{"x":0.167,"y":0.167},"t":83,"s":[139.542,190.291,0],"to":[-52,6,0],"ti":[16,8,0]},{"i":{"x":0.833,"y":0.833},"o":{"x":0.167,"y":0.167},"t":94,"s":[13.542,188.291,0],"to":[-16,-8,0],"ti":[0.083,0,0]},{"t":97,"s":[12.042,188.291,0]}],"ix":2},"a":{"a":0,"k":[0,0,0],"ix":1},"s":{"a":1,"k":[{"i":{"x":[0.833,0.833,0.833],"y":[0.833,0.833,0.833]},"o":{"x":[0.167,0.167,0.167],"y":[0.167,0.167,0.167]},"t":94,"s":[100,100,100]},{"t":97,"s":[74,74,74]}],"ix":6}},"ao":0,"shapes":[{"ty":"gr","it":[{"d":1,"ty":"el","s":{"a":0,"k":[71.497,71.497],"ix":2},"p":{"a":0,"k":[0,0],"ix":3},"nm":"Ellipse Path 1","mn":"ADBE Vector Shape - Ellipse","hd":false},{"ty":"fl","c":{"a":0,"k":[1,1,1,1],"ix":4},"o":{"a":0,"k":100,"ix":5},"r":1,"bm":0,"nm":"Fill 1","mn":"ADBE Vector Graphic - Fill","hd":false},{"ty":"tr","p":{"a":0,"k":[0,0],"ix":2},"a":{"a":0,"k":[0,0],"ix":1},"s":{"a":0,"k":[100,100],"ix":3},"r":{"a":0,"k":0,"ix":6},"o":{"a":0,"k":100,"ix":7},"sk":{"a":0,"k":0,"ix":4},"sa":{"a":0,"k":0,"ix":5},"nm":"Transform"}],"nm":"Ellipse 1","np":2,"cix":2,"bm":0,"ix":1,"mn":"ADBE Vector Group","hd":false}],"ip":72,"op":101,"st":72,"bm":0},{"ddd":1,"ind":7,"ty":4,"nm":"Ellipse 4","sr":1,"ks":{"o":{"a":1,"k":[{"i":{"x":[0.833],"y":[0.833]},"o":{"x":[0.167],"y":[0.167]},"t":70,"s":[100]},{"t":73,"s":[100]}],"ix":11},"rx":{"a":1,"k":[{"i":{"x":[0.833],"y":[0.833]},"o":{"x":[0.167],"y":[0.167]},"t":70,"s":[0]},{"t":73,"s":[-22]}],"ix":8},"ry":{"a":1,"k":[{"i":{"x":[0.833],"y":[0.833]},"o":{"x":[0.167],"y":[0.167]},"t":70,"s":[0]},{"t":73,"s":[64]}],"ix":9},"rz":{"a":1,"k":[{"i":{"x":[0.833],"y":[0.833]},"o":{"x":[0.167],"y":[0.167]},"t":70,"s":[0]},{"t":73,"s":[8]}],"ix":10},"or":{"a":1,"k":[{"i":{"x":0.833,"y":0.833},"o":{"x":0.167,"y":0.167},"t":70,"s":[0,0,0],"to":[0,0,0],"ti":[4,0,0]},{"t":73,"s":[0,4,6]}],"ix":7},"p":{"a":1,"k":[{"i":{"x":0.833,"y":0.833},"o":{"x":0.167,"y":0.167},"t":48,"s":[257.542,142.291,0],"to":[0,0,0],"ti":[52,-6,0]},{"i":{"x":0.833,"y":0.833},"o":{"x":0.167,"y":0.167},"t":59,"s":[139.542,190.291,0],"to":[-52,6,0],"ti":[16,8,0]},{"i":{"x":0.833,"y":0.833},"o":{"x":0.167,"y":0.167},"t":70,"s":[13.542,188.291,0],"to":[-16,-8,0],"ti":[0.083,0,0]},{"t":73,"s":[12.042,188.291,0]}],"ix":2},"a":{"a":0,"k":[0,0,0],"ix":1},"s":{"a":1,"k":[{"i":{"x":[0.833,0.833,0.833],"y":[0.833,0.833,0.833]},"o":{"x":[0.167,0.167,0.167],"y":[0.167,0.167,0.167]},"t":70,"s":[100,100,100]},{"t":73,"s":[74,74,74]}],"ix":6}},"ao":0,"shapes":[{"ty":"gr","it":[{"d":1,"ty":"el","s":{"a":0,"k":[71.497,71.497],"ix":2},"p":{"a":0,"k":[0,0],"ix":3},"nm":"Ellipse Path 1","mn":"ADBE Vector Shape - Ellipse","hd":false},{"ty":"fl","c":{"a":0,"k":[1,1,1,1],"ix":4},"o":{"a":0,"k":100,"ix":5},"r":1,"bm":0,"nm":"Fill 1","mn":"ADBE Vector Graphic - Fill","hd":false},{"ty":"tr","p":{"a":0,"k":[0,0],"ix":2},"a":{"a":0,"k":[0,0],"ix":1},"s":{"a":0,"k":[100,100],"ix":3},"r":{"a":0,"k":0,"ix":6},"o":{"a":0,"k":100,"ix":7},"sk":{"a":0,"k":0,"ix":4},"sa":{"a":0,"k":0,"ix":5},"nm":"Transform"}],"nm":"Ellipse 1","np":2,"cix":2,"bm":0,"ix":1,"mn":"ADBE Vector Group","hd":false}],"ip":48,"op":73,"st":48,"bm":0},{"ddd":1,"ind":8,"ty":4,"nm":"Ellipse 3","sr":1,"ks":{"o":{"a":1,"k":[{"i":{"x":[0.833],"y":[0.833]},"o":{"x":[0.167],"y":[0.167]},"t":46,"s":[100]},{"t":49,"s":[100]}],"ix":11},"rx":{"a":1,"k":[{"i":{"x":[0.833],"y":[0.833]},"o":{"x":[0.167],"y":[0.167]},"t":46,"s":[0]},{"t":49,"s":[-22]}],"ix":8},"ry":{"a":1,"k":[{"i":{"x":[0.833],"y":[0.833]},"o":{"x":[0.167],"y":[0.167]},"t":46,"s":[0]},{"t":49,"s":[64]}],"ix":9},"rz":{"a":1,"k":[{"i":{"x":[0.833],"y":[0.833]},"o":{"x":[0.167],"y":[0.167]},"t":46,"s":[0]},{"t":49,"s":[8]}],"ix":10},"or":{"a":1,"k":[{"i":{"x":0.833,"y":0.833},"o":{"x":0.167,"y":0.167},"t":46,"s":[0,0,0],"to":[0,0,0],"ti":[4,0,0]},{"t":49,"s":[0,4,6]}],"ix":7},"p":{"a":1,"k":[{"i":{"x":0.833,"y":0.833},"o":{"x":0.167,"y":0.167},"t":24,"s":[257.542,142.291,0],"to":[0,0,0],"ti":[52,-6,0]},{"i":{"x":0.833,"y":0.833},"o":{"x":0.167,"y":0.167},"t":35,"s":[139.542,190.291,0],"to":[-52,6,0],"ti":[16,8,0]},{"i":{"x":0.833,"y":0.833},"o":{"x":0.167,"y":0.167},"t":46,"s":[13.542,188.291,0],"to":[-16,-8,0],"ti":[0.083,0,0]},{"t":49,"s":[12.042,188.291,0]}],"ix":2},"a":{"a":0,"k":[0,0,0],"ix":1},"s":{"a":1,"k":[{"i":{"x":[0.833,0.833,0.833],"y":[0.833,0.833,0.833]},"o":{"x":[0.167,0.167,0.167],"y":[0.167,0.167,0.167]},"t":46,"s":[100,100,100]},{"t":49,"s":[74,74,74]}],"ix":6}},"ao":0,"shapes":[{"ty":"gr","it":[{"d":1,"ty":"el","s":{"a":0,"k":[71.497,71.497],"ix":2},"p":{"a":0,"k":[0,0],"ix":3},"nm":"Ellipse Path 1","mn":"ADBE Vector Shape - Ellipse","hd":false},{"ty":"fl","c":{"a":0,"k":[1,1,1,1],"ix":4},"o":{"a":0,"k":100,"ix":5},"r":1,"bm":0,"nm":"Fill 1","mn":"ADBE Vector Graphic - Fill","hd":false},{"ty":"tr","p":{"a":0,"k":[0,0],"ix":2},"a":{"a":0,"k":[0,0],"ix":1},"s":{"a":0,"k":[100,100],"ix":3},"r":{"a":0,"k":0,"ix":6},"o":{"a":0,"k":100,"ix":7},"sk":{"a":0,"k":0,"ix":4},"sa":{"a":0,"k":0,"ix":5},"nm":"Transform"}],"nm":"Ellipse 1","np":2,"cix":2,"bm":0,"ix":1,"mn":"ADBE Vector Group","hd":false}],"ip":24,"op":49,"st":24,"bm":0},{"ddd":1,"ind":9,"ty":4,"nm":"Ellipse 1","parent":11,"sr":1,"ks":{"o":{"a":1,"k":[{"i":{"x":[0.833],"y":[0.833]},"o":{"x":[0.167],"y":[0.167]},"t":22,"s":[100]},{"t":25,"s":[100]}],"ix":11},"rx":{"a":1,"k":[{"i":{"x":[0.833],"y":[0.833]},"o":{"x":[0.167],"y":[0.167]},"t":22,"s":[0]},{"t":25,"s":[-22]}],"ix":8},"ry":{"a":1,"k":[{"i":{"x":[0.833],"y":[0.833]},"o":{"x":[0.167],"y":[0.167]},"t":22,"s":[0]},{"t":25,"s":[64]}],"ix":9},"rz":{"a":1,"k":[{"i":{"x":[0.833],"y":[0.833]},"o":{"x":[0.167],"y":[0.167]},"t":22,"s":[0]},{"t":25,"s":[8]}],"ix":10},"or":{"a":1,"k":[{"i":{"x":0.833,"y":0.833},"o":{"x":0.167,"y":0.167},"t":22,"s":[0,0,0],"to":[0,0,0],"ti":[4,0,0]},{"t":25,"s":[0,4,6]}],"ix":7},"p":{"a":1,"k":[{"i":{"x":0.833,"y":0.833},"o":{"x":0.167,"y":0.167},"t":0,"s":[251,14,0],"to":[0,0,0],"ti":[52,-6,0]},{"i":{"x":0.833,"y":0.833},"o":{"x":0.167,"y":0.167},"t":11,"s":[133,62,0],"to":[-52,6,0],"ti":[16,8,0]},{"i":{"x":0.833,"y":0.833},"o":{"x":0.167,"y":0.167},"t":22,"s":[7,60,0],"to":[-16,-8,0],"ti":[0.083,0,0]},{"t":25,"s":[5.5,60,0]}],"ix":2},"a":{"a":0,"k":[0,0,0],"ix":1},"s":{"a":1,"k":[{"i":{"x":[0.833,0.833,0.833],"y":[0.833,0.833,0.833]},"o":{"x":[0.167,0.167,0.167],"y":[0.167,0.167,0.167]},"t":22,"s":[100,100,100]},{"t":25,"s":[74,74,74]}],"ix":6}},"ao":0,"shapes":[{"ty":"gr","it":[{"d":1,"ty":"el","s":{"a":0,"k":[71.497,71.497],"ix":2},"p":{"a":0,"k":[0,0],"ix":3},"nm":"Ellipse Path 1","mn":"ADBE Vector Shape - Ellipse","hd":false},{"ty":"fl","c":{"a":0,"k":[1,1,1,1],"ix":4},"o":{"a":0,"k":100,"ix":5},"r":1,"bm":0,"nm":"Fill 1","mn":"ADBE Vector Graphic - Fill","hd":false},{"ty":"tr","p":{"a":0,"k":[0,0],"ix":2},"a":{"a":0,"k":[0,0],"ix":1},"s":{"a":0,"k":[100,100],"ix":3},"r":{"a":0,"k":0,"ix":6},"o":{"a":0,"k":100,"ix":7},"sk":{"a":0,"k":0,"ix":4},"sa":{"a":0,"k":0,"ix":5},"nm":"Transform"}],"nm":"Ellipse 1","np":2,"cix":2,"bm":0,"ix":1,"mn":"ADBE Vector Group","hd":false}],"ip":0,"op":25,"st":0,"bm":0},{"ddd":0,"ind":10,"ty":4,"nm":"Path 3","parent":11,"sr":1,"ks":{"o":{"a":0,"k":100,"ix":11},"r":{"a":0,"k":0,"ix":10},"p":{"a":0,"k":[105.747,-63.96,0],"ix":2},"a":{"a":0,"k":[56.402,57.356,0],"ix":1},"s":{"a":0,"k":[100,100,100],"ix":6}},"ao":0,"shapes":[{"ty":"gr","it":[{"ind":0,"ty":"sh","ix":1,"ks":{"a":0,"k":{"i":[[0,0],[0,0],[-5.045,-28.949],[-12.573,-1.602],[33.548,6.78],[-15.191,5.416],[0.47,4.289],[-0.162,-2.156],[0,0],[-3.021,0.765]],"o":[[-0.983,-6.494],[0,0],[22.811,-4.11],[-12.351,18.632],[12.558,-10.393],[0,0],[-0.47,-4.287],[0.161,2.155],[3.235,-0.82],[0,0]],"v":[[43.514,5.101],[48.748,0.163],[62.367,85.503],[112.803,85.503],[0,113.107],[41.493,90.26],[36.729,55.576],[42.37,54.151],[47.519,88.383],[56.306,86.155]],"c":false},"ix":2},"nm":"Path 1","mn":"ADBE Vector Shape - Group","hd":false},{"ty":"fl","c":{"a":0,"k":[0,0,0,1],"ix":4},"o":{"a":0,"k":100,"ix":5},"r":1,"bm":0,"nm":"Fill 1","mn":"ADBE Vector Graphic - Fill","hd":false},{"ty":"tr","p":{"a":0,"k":[0,0],"ix":2},"a":{"a":0,"k":[0,0],"ix":1},"s":{"a":0,"k":[100,100],"ix":3},"r":{"a":0,"k":0,"ix":6},"o":{"a":0,"k":100,"ix":7},"sk":{"a":0,"k":0,"ix":4},"sa":{"a":0,"k":0,"ix":5},"nm":"Transform"}],"nm":"Path 3","np":2,"cix":2,"bm":0,"ix":1,"mn":"ADBE Vector Group","hd":false}],"ip":0,"op":100,"st":0,"bm":0},{"ddd":0,"ind":11,"ty":4,"nm":"head","sr":1,"ks":{"o":{"a":0,"k":100,"ix":11},"r":{"a":0,"k":0,"ix":10},"p":{"a":0,"k":[137.564,199.827,0],"ix":2},"a":{"a":0,"k":[131.022,71.536,0],"ix":1},"s":{"a":0,"k":[100,100,100],"ix":6}},"ao":0,"shapes":[{"ty":"gr","it":[{"ind":0,"ty":"sh","ix":1,"ks":{"a":0,"k":{"i":[[15.432,17.369],[1.537,1.983],[59.514,0],[16.738,2.763],[-5.262,-26.424],[-4.74,-1.505],[-40.254,5.528],[-36.139,35.548],[1.234,5.244]],"o":[[-1.705,-1.919],[-47.402,28.792],[-17.522,0],[-10.58,18.964],[1.005,5.046],[38.586,12.255],[49.994,-6.864],[3.67,-3.61],[-5.335,-22.681]],"v":[[230.402,5.927],[225.585,0],[63.026,45.372],[11.589,41.148],[2.318,120.549],[10.265,129.383],[128.399,140.767],[257.958,77.908],[261.571,65.865]],"c":true},"ix":2},"nm":"Path 1","mn":"ADBE Vector Shape - Group","hd":false},{"ty":"fl","c":{"a":0,"k":[0,0,0,1],"ix":4},"o":{"a":0,"k":100,"ix":5},"r":1,"bm":0,"nm":"Fill 1","mn":"ADBE Vector Graphic - Fill","hd":false},{"ty":"tr","p":{"a":0,"k":[0,0],"ix":2},"a":{"a":0,"k":[0,0],"ix":1},"s":{"a":0,"k":[100,100],"ix":3},"r":{"a":0,"k":0,"ix":6},"o":{"a":0,"k":100,"ix":7},"sk":{"a":0,"k":0,"ix":4},"sa":{"a":0,"k":0,"ix":5},"nm":"Transform"}],"nm":"Path 1","np":2,"cix":2,"bm":0,"ix":1,"mn":"ADBE Vector Group","hd":false}],"ip":0,"op":100,"st":0,"bm":0}]},{"id":"comp_1","layers":[{"ddd":1,"ind":1,"ty":0,"nm":"borg","refId":"comp_2","sr":1,"ks":{"o":{"a":0,"k":100,"ix":11},"rx":{"a":0,"k":-24,"ix":8},"ry":{"a":0,"k":-10,"ix":9},"rz":{"a":0,"k":14,"ix":10},"or":{"a":0,"k":[0,0,42],"ix":7},"p":{"a":0,"k":[414.409,75.161,0],"ix":2},"a":{"a":0,"k":[130.36,130.271,0],"ix":1},"s":{"a":0,"k":[86,86,86],"ix":6}},"ao":0,"hasMask":true,"masksProperties":[{"inv":false,"mode":"a","pt":{"a":0,"k":{"i":[[0,0],[64.821,-29.62],[0,0],[-47.84,5.293],[-24.197,21.575],[-1.471,13.388]],"o":[[0,0],[-72.975,33.346],[0,0],[47.84,-5.293],[24.197,-21.575],[1.471,-13.388]],"v":[[262.952,123.952],[145.446,144.011],[43.476,233.384],[132.021,268.761],[226.787,231.351],[271.834,149.132]],"c":true},"ix":1},"o":{"a":0,"k":100,"ix":3},"x":{"a":0,"k":0,"ix":4},"nm":"Mask 1"}],"w":262,"h":263,"ip":0,"op":100,"st":0,"bm":0},{"ddd":1,"ind":2,"ty":0,"nm":"borg","refId":"comp_2","sr":1,"ks":{"o":{"a":0,"k":100,"ix":11},"rx":{"a":0,"k":-2,"ix":8},"ry":{"a":0,"k":-40,"ix":9},"rz":{"a":0,"k":40,"ix":10},"or":{"a":0,"k":[0,0,24],"ix":7},"p":{"a":0,"k":[428.416,401.119,0],"ix":2},"a":{"a":0,"k":[130.36,130.271,0],"ix":1},"s":{"a":0,"k":[80,80,80],"ix":6}},"ao":0,"hasMask":true,"masksProperties":[{"inv":false,"mode":"a","pt":{"a":0,"k":{"i":[[0,0],[28.772,-60.158],[-8.652,-12.05],[-31.55,-3.434],[0,0],[1.688,50.06],[29.319,39.11]],"o":[[0,0],[-28.772,60.158],[8.652,12.05],[31.55,3.434],[0,0],[-1.688,-50.06],[-29.319,-39.11]],"v":[[64.348,-4.491],[4.508,71.929],[-12.418,217.447],[65.88,266.782],[129.636,270.357],[155.868,162.037],[116.761,43.517]],"c":true},"ix":1},"o":{"a":0,"k":100,"ix":3},"x":{"a":0,"k":0,"ix":4},"nm":"Mask 1"}],"w":262,"h":263,"ip":0,"op":100,"st":0,"bm":0},{"ddd":1,"ind":3,"ty":0,"nm":"borg","refId":"comp_2","sr":1,"ks":{"o":{"a":0,"k":100,"ix":11},"rx":{"a":0,"k":18,"ix":8},"ry":{"a":0,"k":24,"ix":9},"rz":{"a":0,"k":8,"ix":10},"or":{"a":0,"k":[0,0,30],"ix":7},"p":{"a":0,"k":[130.516,261.267,0],"ix":2},"a":{"a":0,"k":[130.36,130.271,0],"ix":1},"s":{"a":0,"k":[86,86,86],"ix":6}},"ao":0,"w":262,"h":263,"ip":0,"op":100,"st":0,"bm":0},{"ddd":0,"ind":4,"ty":4,"nm":"Path 4","sr":1,"ks":{"o":{"a":0,"k":100,"ix":11},"r":{"a":0,"k":0,"ix":10},"p":{"a":0,"k":[331.125,238.573,0],"ix":2},"a":{"a":0,"k":[119.316,137.081,0],"ix":1},"s":{"a":0,"k":[100,100,100],"ix":6}},"ao":0,"shapes":[{"ty":"gr","it":[{"ind":0,"ty":"sh","ix":1,"ks":{"a":0,"k":{"i":[[9.05,-26.538],[29.786,17.601],[42.931,50.787],[-27.403,17.559],[-75.503,-6.184],[-0.97,-23.063],[21.852,-16.871]],"o":[[-30.309,-17.909],[21.621,-61.056],[27.686,-17.741],[30.244,65.659],[0.896,21.342],[-28.042,2.62],[-21.719,16.767]],"v":[[117.766,274.162],[27.897,221.06],[0,53.132],[82.913,0],[235.818,113.562],[238.632,180.549],[163.875,209.414]],"c":true},"ix":2},"nm":"Path 1","mn":"ADBE Vector Shape - Group","hd":false},{"ty":"fl","c":{"a":0,"k":[0,0,0,1],"ix":4},"o":{"a":0,"k":100,"ix":5},"r":1,"bm":0,"nm":"Fill 1","mn":"ADBE Vector Graphic - Fill","hd":false},{"ty":"tr","p":{"a":0,"k":[0,0],"ix":2},"a":{"a":0,"k":[0,0],"ix":1},"s":{"a":0,"k":[100,100],"ix":3},"r":{"a":0,"k":0,"ix":6},"o":{"a":0,"k":100,"ix":7},"sk":{"a":0,"k":0,"ix":4},"sa":{"a":0,"k":0,"ix":5},"nm":"Transform"}],"nm":"Path 4","np":2,"cix":2,"bm":0,"ix":1,"mn":"ADBE Vector Group","hd":false}],"ip":0,"op":100,"st":0,"bm":0},{"ddd":0,"ind":5,"ty":4,"nm":"Path 2","sr":1,"ks":{"o":{"a":0,"k":100,"ix":11},"r":{"a":0,"k":0,"ix":10},"p":{"a":0,"k":[264.567,264.389,0],"ix":2},"a":{"a":0,"k":[245.306,242.882,0],"ix":1},"s":{"a":0,"k":[100,100,100],"ix":6}},"ao":0,"shapes":[{"ty":"gr","it":[{"ind":0,"ty":"sh","ix":1,"ks":{"a":0,"k":{"i":[[-0.551,-50.088],[122.241,-15.711],[21.527,129.19],[-78.67,61.575],[-2.742,-0.317],[-54.66,33.237],[-3.508,-0.778],[-36.165,-44.002]],"o":[[-0.184,131.834],[-129.669,16.665],[-16.4,-98.426],[2.155,-1.687],[63.541,7.349],[2.904,-1.766],[55.585,12.319],[37.069,45.103]],"v":[[490.613,232.002],[276.645,483.736],[4.048,283.395],[100.03,42.715],[108.528,40.414],[285.709,1.566],[296.846,0.456],[434.861,84.701]],"c":true},"ix":2},"nm":"Path 1","mn":"ADBE Vector Shape - Group","hd":false},{"ind":1,"ty":"sh","ix":2,"ks":{"a":0,"k":{"i":[[19.924,-12.744],[0.948,0.78],[38.601,-38.158],[0.892,-39.341],[-26.121,-29.67],[-42.807,44.59],[-9.017,11.905],[-0.68,-0.401],[-28.497,-16.644],[0.677,-3.069],[-4.31,-17.947],[-8.492,-12.866],[-2.964,81.263],[15.085,2.145],[0.847,20.474],[-10.881,5.466],[2.073,4.492],[7.115,12.932],[69.035,18.03],[1.297,-1.632],[-3.512,-20.36],[4.341,-2.415],[7.742,-4.955]],"o":[[-1.273,-0.96],[-41.857,-34.455],[-28.368,28.043],[-0.886,39.071],[40.944,46.508],[9.851,-10.262],[-0.484,-0.196],[28.424,16.769],[3.418,1.997],[-3.981,18.052],[3.622,15.081],[78.396,-22.015],[-14.361,-2.042],[-0.919,-22.205],[12.315,-6.148],[4.238,-2.129],[-6.205,-13.445],[-35.139,-63.871],[-1.839,-0.479],[-13.012,16.375],[0.676,3.922],[-8.018,4.458],[-19.861,12.713]],"v":[[187.416,128.809],[184.184,126.365],[49.794,132.156],[7.986,234.493],[44.153,338.496],[192.271,342.186],[218.761,307.618],[219.751,308.033],[305.052,358.293],[307.441,365.575],[308.08,419.625],[325.973,461.747],[481.462,265.248],[437.482,258.993],[434.777,193.657],[468.878,176.622],[472.095,166.957],[453.693,126.538],[293.599,8.519],[287.159,11.179],[273.938,66.657],[270.354,75.9],[247.067,90.649]],"c":true},"ix":2},"nm":"Path 2","mn":"ADBE Vector Shape - Group","hd":false},{"ty":"fl","c":{"a":0,"k":[0,0,0,1],"ix":4},"o":{"a":0,"k":100,"ix":5},"r":1,"bm":0,"nm":"Fill 1","mn":"ADBE Vector Graphic - Fill","hd":false},{"ty":"tr","p":{"a":0,"k":[0,0],"ix":2},"a":{"a":0,"k":[0,0],"ix":1},"s":{"a":0,"k":[100,100],"ix":3},"r":{"a":0,"k":0,"ix":6},"o":{"a":0,"k":100,"ix":7},"sk":{"a":0,"k":0,"ix":4},"sa":{"a":0,"k":0,"ix":5},"nm":"Transform"}],"nm":"Path 2","np":3,"cix":2,"bm":0,"ix":1,"mn":"ADBE Vector Group","hd":false}],"ip":0,"op":100,"st":0,"bm":0}]},{"id":"comp_2","layers":[{"ddd":0,"ind":1,"ty":4,"nm":"Subtraction 6","sr":1,"ks":{"o":{"a":0,"k":100,"ix":11},"r":{"a":1,"k":[{"i":{"x":[0.833],"y":[0.833]},"o":{"x":[0.167],"y":[0.167]},"t":51,"s":[-355]},{"t":101,"s":[0]}],"ix":10},"p":{"a":0,"k":[130.772,131.695,0],"ix":2},"a":{"a":0,"k":[130.772,130.695,0],"ix":1},"s":{"a":0,"k":[100,100,100],"ix":6}},"ao":0,"shapes":[{"ty":"gr","it":[{"ind":0,"ty":"sh","ix":1,"ks":{"a":0,"k":{"i":[[0,0],[0,0],[2.389,3.589],[3.378,0],[0,0],[0,-10.477],[0,0],[1.549,0.317],[7.993,3.381],[7.079,4.783],[5.992,5.993],[4.741,7.017],[3.321,7.852],[1.74,8.504],[0.286,1.76],[0,0],[-3.59,2.389],[0,3.378],[0,0],[10.477,0],[0,0],[-0.284,1.386],[-3.383,7.999],[-4.786,7.083],[-5.991,5.99],[-7.02,4.744],[-7.852,3.321],[-8.508,1.741],[-1.594,0.265],[0,0],[-6.973,0],[0,0],[-2.389,3.588],[0,5.074],[0,0],[-7.97,-2.992],[-11.731,-9.995],[-7.614,-13.233],[-2.622,-15.373],[0,0],[3.586,-2.388],[0,-3.378],[0,0],[-3.588,-2.389],[-5.075,0],[0,0],[7.759,-13.655],[11.68,-10.023],[14.428,-5.446],[8.436,-1.408]],"o":[[0,0],[0,-5.075],[-2.389,-3.588],[0,0],[-6.973,0],[0,0],[-1.584,-0.264],[-8.511,-1.743],[-7.855,-3.323],[-7.02,-4.743],[-5.996,-5.995],[-4.785,-7.083],[-3.383,-8],[-0.354,-1.727],[0,0],[5.074,0],[3.588,-2.389],[0,0],[0,-6.973],[0,0],[0.247,-1.447],[1.74,-8.505],[3.32,-7.851],[4.745,-7.022],[5.992,-5.992],[7.083,-4.785],[7.995,-3.382],[1.594,-0.325],[0,0],[0,10.477],[0,0],[3.378,0],[2.389,-3.589],[0,0],[8.391,1.395],[14.364,5.391],[11.654,9.929],[7.789,13.534],[0,0],[-5.078,0],[-3.588,2.389],[0,0],[0,3.377],[3.589,2.389],[0,0],[-2.521,15.489],[-7.585,13.349],[-11.758,10.09],[-8.018,3.027],[0,0]],"v":[[152.756,261.39],[148.07,207.202],[144.366,193.767],[135.423,188.203],[126.121,188.203],[113.474,207.202],[108.789,261.386],[104.069,260.51],[79.197,252.789],[56.69,240.573],[37.081,224.393],[20.901,204.784],[8.684,182.277],[0.964,157.405],[0,152.15],[53.772,147.5],[67.208,143.796],[72.772,134.853],[72.772,125.551],[53.772,112.904],[0.164,108.268],[0.964,103.999],[8.684,79.127],[20.901,56.621],[37.081,37.011],[56.69,20.831],[79.197,8.615],[104.069,0.895],[108.873,0.005],[113.474,53.203],[126.121,72.202],[135.423,72.202],[144.365,66.638],[148.07,53.203],[152.671,0],[177.327,6.612],[216.654,29.801],[245.692,64.706],[261.381,108.269],[207.772,112.905],[194.337,116.608],[188.772,125.552],[188.772,134.854],[194.337,143.796],[207.772,147.5],[261.544,152.149],[246.051,196.07],[217.018,231.293],[177.555,254.706],[152.757,261.39]],"c":true},"ix":2},"nm":"Path 1","mn":"ADBE Vector Shape - Group","hd":false},{"ty":"op","nm":"Offset Paths 1","a":{"a":0,"k":-0.5,"ix":1},"lj":1,"ml":{"a":0,"k":4,"ix":3},"ix":3,"mn":"ADBE Vector Filter - Offset","hd":false},{"ty":"tr","p":{"a":0,"k":[0,0],"ix":2},"a":{"a":0,"k":[0,0],"ix":1},"s":{"a":0,"k":[100,100],"ix":3},"r":{"a":0,"k":0,"ix":6},"o":{"a":0,"k":100,"ix":7},"sk":{"a":0,"k":0,"ix":4},"sa":{"a":0,"k":0,"ix":5},"nm":"Transform"}],"nm":"Subtraction 4 Stroke","np":3,"cix":2,"bm":0,"ix":1,"mn":"ADBE Vector Group","hd":false},{"ty":"gr","it":[{"ind":0,"ty":"sh","ix":1,"ks":{"a":0,"k":{"i":[[0,0],[0,0],[2.389,3.589],[3.378,0],[0,0],[0,-10.477],[0,0],[1.549,0.317],[7.993,3.381],[7.079,4.783],[5.992,5.993],[4.741,7.017],[3.321,7.852],[1.74,8.504],[0.286,1.76],[0,0],[-3.59,2.389],[0,3.378],[0,0],[10.477,0],[0,0],[-0.284,1.386],[-3.383,7.999],[-4.786,7.083],[-5.991,5.99],[-7.02,4.744],[-7.852,3.321],[-8.508,1.741],[-1.594,0.265],[0,0],[-6.973,0],[0,0],[-2.389,3.588],[0,5.074],[0,0],[-7.97,-2.992],[-11.731,-9.995],[-7.614,-13.233],[-2.622,-15.373],[0,0],[3.586,-2.388],[0,-3.378],[0,0],[-3.588,-2.389],[-5.075,0],[0,0],[7.759,-13.655],[11.68,-10.023],[14.428,-5.446],[8.436,-1.408]],"o":[[0,0],[0,-5.075],[-2.389,-3.588],[0,0],[-6.973,0],[0,0],[-1.584,-0.264],[-8.511,-1.743],[-7.855,-3.323],[-7.02,-4.743],[-5.996,-5.995],[-4.785,-7.083],[-3.383,-8],[-0.354,-1.727],[0,0],[5.074,0],[3.588,-2.389],[0,0],[0,-6.973],[0,0],[0.247,-1.447],[1.74,-8.505],[3.32,-7.851],[4.745,-7.022],[5.992,-5.992],[7.083,-4.785],[7.995,-3.382],[1.594,-0.325],[0,0],[0,10.477],[0,0],[3.378,0],[2.389,-3.589],[0,0],[8.391,1.395],[14.364,5.391],[11.654,9.929],[7.789,13.534],[0,0],[-5.078,0],[-3.588,2.389],[0,0],[0,3.377],[3.589,2.389],[0,0],[-2.521,15.489],[-7.585,13.349],[-11.758,10.09],[-8.018,3.027],[0,0]],"v":[[152.756,261.39],[148.07,207.202],[144.366,193.767],[135.423,188.203],[126.121,188.203],[113.474,207.202],[108.789,261.386],[104.069,260.51],[79.197,252.789],[56.69,240.573],[37.081,224.393],[20.901,204.784],[8.684,182.277],[0.964,157.405],[0,152.15],[53.772,147.5],[67.208,143.796],[72.772,134.853],[72.772,125.551],[53.772,112.904],[0.164,108.268],[0.964,103.999],[8.684,79.127],[20.901,56.621],[37.081,37.011],[56.69,20.831],[79.197,8.615],[104.069,0.895],[108.873,0.005],[113.474,53.203],[126.121,72.202],[135.423,72.202],[144.365,66.638],[148.07,53.203],[152.671,0],[177.327,6.612],[216.654,29.801],[245.692,64.706],[261.381,108.269],[207.772,112.905],[194.337,116.608],[188.772,125.552],[188.772,134.854],[194.337,143.796],[207.772,147.5],[261.544,152.149],[246.051,196.07],[217.018,231.293],[177.555,254.706],[152.757,261.39]],"c":true},"ix":2},"nm":"Path 1","mn":"ADBE Vector Shape - Group","hd":false},{"ty":"fl","c":{"a":0,"k":[0,0,0,1],"ix":4},"o":{"a":0,"k":100,"ix":5},"r":1,"bm":0,"nm":"Fill 1","mn":"ADBE Vector Graphic - Fill","hd":false},{"ty":"tr","p":{"a":0,"k":[0,0],"ix":2},"a":{"a":0,"k":[0,0],"ix":1},"s":{"a":0,"k":[100,100],"ix":3},"r":{"a":0,"k":0,"ix":6},"o":{"a":0,"k":100,"ix":7},"sk":{"a":0,"k":0,"ix":4},"sa":{"a":0,"k":0,"ix":5},"nm":"Transform"}],"nm":"Subtraction 4 Fill","np":2,"cix":2,"bm":0,"ix":2,"mn":"ADBE Vector Group","hd":false}],"ip":51,"op":102,"st":51,"bm":0},{"ddd":0,"ind":2,"ty":4,"nm":"Subtraction 5","sr":1,"ks":{"o":{"a":0,"k":100,"ix":11},"r":{"a":1,"k":[{"i":{"x":[0.833],"y":[0.833]},"o":{"x":[0.167],"y":[0.167]},"t":0,"s":[-355]},{"t":50,"s":[0]}],"ix":10},"p":{"a":0,"k":[130.772,131.695,0],"ix":2},"a":{"a":0,"k":[130.772,130.695,0],"ix":1},"s":{"a":0,"k":[100,100,100],"ix":6}},"ao":0,"shapes":[{"ty":"gr","it":[{"ind":0,"ty":"sh","ix":1,"ks":{"a":0,"k":{"i":[[0,0],[0,0],[2.389,3.589],[3.378,0],[0,0],[0,-10.477],[0,0],[1.549,0.317],[7.993,3.381],[7.079,4.783],[5.992,5.993],[4.741,7.017],[3.321,7.852],[1.74,8.504],[0.286,1.76],[0,0],[-3.59,2.389],[0,3.378],[0,0],[10.477,0],[0,0],[-0.284,1.386],[-3.383,7.999],[-4.786,7.083],[-5.991,5.99],[-7.02,4.744],[-7.852,3.321],[-8.508,1.741],[-1.594,0.265],[0,0],[-6.973,0],[0,0],[-2.389,3.588],[0,5.074],[0,0],[-7.97,-2.992],[-11.731,-9.995],[-7.614,-13.233],[-2.622,-15.373],[0,0],[3.586,-2.388],[0,-3.378],[0,0],[-3.588,-2.389],[-5.075,0],[0,0],[7.759,-13.655],[11.68,-10.023],[14.428,-5.446],[8.436,-1.408]],"o":[[0,0],[0,-5.075],[-2.389,-3.588],[0,0],[-6.973,0],[0,0],[-1.584,-0.264],[-8.511,-1.743],[-7.855,-3.323],[-7.02,-4.743],[-5.996,-5.995],[-4.785,-7.083],[-3.383,-8],[-0.354,-1.727],[0,0],[5.074,0],[3.588,-2.389],[0,0],[0,-6.973],[0,0],[0.247,-1.447],[1.74,-8.505],[3.32,-7.851],[4.745,-7.022],[5.992,-5.992],[7.083,-4.785],[7.995,-3.382],[1.594,-0.325],[0,0],[0,10.477],[0,0],[3.378,0],[2.389,-3.589],[0,0],[8.391,1.395],[14.364,5.391],[11.654,9.929],[7.789,13.534],[0,0],[-5.078,0],[-3.588,2.389],[0,0],[0,3.377],[3.589,2.389],[0,0],[-2.521,15.489],[-7.585,13.349],[-11.758,10.09],[-8.018,3.027],[0,0]],"v":[[152.756,261.39],[148.07,207.202],[144.366,193.767],[135.423,188.203],[126.121,188.203],[113.474,207.202],[108.789,261.386],[104.069,260.51],[79.197,252.789],[56.69,240.573],[37.081,224.393],[20.901,204.784],[8.684,182.277],[0.964,157.405],[0,152.15],[53.772,147.5],[67.208,143.796],[72.772,134.853],[72.772,125.551],[53.772,112.904],[0.164,108.268],[0.964,103.999],[8.684,79.127],[20.901,56.621],[37.081,37.011],[56.69,20.831],[79.197,8.615],[104.069,0.895],[108.873,0.005],[113.474,53.203],[126.121,72.202],[135.423,72.202],[144.365,66.638],[148.07,53.203],[152.671,0],[177.327,6.612],[216.654,29.801],[245.692,64.706],[261.381,108.269],[207.772,112.905],[194.337,116.608],[188.772,125.552],[188.772,134.854],[194.337,143.796],[207.772,147.5],[261.544,152.149],[246.051,196.07],[217.018,231.293],[177.555,254.706],[152.757,261.39]],"c":true},"ix":2},"nm":"Path 1","mn":"ADBE Vector Shape - Group","hd":false},{"ty":"op","nm":"Offset Paths 1","a":{"a":0,"k":-0.5,"ix":1},"lj":1,"ml":{"a":0,"k":4,"ix":3},"ix":3,"mn":"ADBE Vector Filter - Offset","hd":false},{"ty":"tr","p":{"a":0,"k":[0,0],"ix":2},"a":{"a":0,"k":[0,0],"ix":1},"s":{"a":0,"k":[100,100],"ix":3},"r":{"a":0,"k":0,"ix":6},"o":{"a":0,"k":100,"ix":7},"sk":{"a":0,"k":0,"ix":4},"sa":{"a":0,"k":0,"ix":5},"nm":"Transform"}],"nm":"Subtraction 4 Stroke","np":3,"cix":2,"bm":0,"ix":1,"mn":"ADBE Vector Group","hd":false},{"ty":"gr","it":[{"ind":0,"ty":"sh","ix":1,"ks":{"a":0,"k":{"i":[[0,0],[0,0],[2.389,3.589],[3.378,0],[0,0],[0,-10.477],[0,0],[1.549,0.317],[7.993,3.381],[7.079,4.783],[5.992,5.993],[4.741,7.017],[3.321,7.852],[1.74,8.504],[0.286,1.76],[0,0],[-3.59,2.389],[0,3.378],[0,0],[10.477,0],[0,0],[-0.284,1.386],[-3.383,7.999],[-4.786,7.083],[-5.991,5.99],[-7.02,4.744],[-7.852,3.321],[-8.508,1.741],[-1.594,0.265],[0,0],[-6.973,0],[0,0],[-2.389,3.588],[0,5.074],[0,0],[-7.97,-2.992],[-11.731,-9.995],[-7.614,-13.233],[-2.622,-15.373],[0,0],[3.586,-2.388],[0,-3.378],[0,0],[-3.588,-2.389],[-5.075,0],[0,0],[7.759,-13.655],[11.68,-10.023],[14.428,-5.446],[8.436,-1.408]],"o":[[0,0],[0,-5.075],[-2.389,-3.588],[0,0],[-6.973,0],[0,0],[-1.584,-0.264],[-8.511,-1.743],[-7.855,-3.323],[-7.02,-4.743],[-5.996,-5.995],[-4.785,-7.083],[-3.383,-8],[-0.354,-1.727],[0,0],[5.074,0],[3.588,-2.389],[0,0],[0,-6.973],[0,0],[0.247,-1.447],[1.74,-8.505],[3.32,-7.851],[4.745,-7.022],[5.992,-5.992],[7.083,-4.785],[7.995,-3.382],[1.594,-0.325],[0,0],[0,10.477],[0,0],[3.378,0],[2.389,-3.589],[0,0],[8.391,1.395],[14.364,5.391],[11.654,9.929],[7.789,13.534],[0,0],[-5.078,0],[-3.588,2.389],[0,0],[0,3.377],[3.589,2.389],[0,0],[-2.521,15.489],[-7.585,13.349],[-11.758,10.09],[-8.018,3.027],[0,0]],"v":[[152.756,261.39],[148.07,207.202],[144.366,193.767],[135.423,188.203],[126.121,188.203],[113.474,207.202],[108.789,261.386],[104.069,260.51],[79.197,252.789],[56.69,240.573],[37.081,224.393],[20.901,204.784],[8.684,182.277],[0.964,157.405],[0,152.15],[53.772,147.5],[67.208,143.796],[72.772,134.853],[72.772,125.551],[53.772,112.904],[0.164,108.268],[0.964,103.999],[8.684,79.127],[20.901,56.621],[37.081,37.011],[56.69,20.831],[79.197,8.615],[104.069,0.895],[108.873,0.005],[113.474,53.203],[126.121,72.202],[135.423,72.202],[144.365,66.638],[148.07,53.203],[152.671,0],[177.327,6.612],[216.654,29.801],[245.692,64.706],[261.381,108.269],[207.772,112.905],[194.337,116.608],[188.772,125.552],[188.772,134.854],[194.337,143.796],[207.772,147.5],[261.544,152.149],[246.051,196.07],[217.018,231.293],[177.555,254.706],[152.757,261.39]],"c":true},"ix":2},"nm":"Path 1","mn":"ADBE Vector Shape - Group","hd":false},{"ty":"fl","c":{"a":0,"k":[0,0,0,1],"ix":4},"o":{"a":0,"k":100,"ix":5},"r":1,"bm":0,"nm":"Fill 1","mn":"ADBE Vector Graphic - Fill","hd":false},{"ty":"tr","p":{"a":0,"k":[0,0],"ix":2},"a":{"a":0,"k":[0,0],"ix":1},"s":{"a":0,"k":[100,100],"ix":3},"r":{"a":0,"k":0,"ix":6},"o":{"a":0,"k":100,"ix":7},"sk":{"a":0,"k":0,"ix":4},"sa":{"a":0,"k":0,"ix":5},"nm":"Transform"}],"nm":"Subtraction 4 Fill","np":2,"cix":2,"bm":0,"ix":2,"mn":"ADBE Vector Group","hd":false}],"ip":0,"op":51,"st":0,"bm":0}]}],"layers":[{"ddd":0,"ind":1,"ty":0,"nm":"Head","parent":2,"refId":"comp_0","sr":1,"ks":{"o":{"a":0,"k":100,"ix":11},"r":{"a":0,"k":0,"ix":10},"p":{"a":0,"k":[200,-92,0],"ix":2},"a":{"a":0,"k":[137,141,0],"ix":1},"s":{"a":0,"k":[100,100,100],"ix":6}},"ao":0,"w":274,"h":282,"ip":0,"op":100,"st":0,"bm":0},{"ddd":0,"ind":2,"ty":0,"nm":"body","refId":"comp_1","sr":1,"ks":{"o":{"a":0,"k":100,"ix":11},"r":{"a":1,"k":[{"i":{"x":[0.833],"y":[0.675]},"o":{"x":[0.167],"y":[0.167]},"t":0,"s":[-3.2]},{"i":{"x":[0.833],"y":[0.787]},"o":{"x":[0.167],"y":[0.112]},"t":1,"s":[-3.038]},{"i":{"x":[0.833],"y":[0.812]},"o":{"x":[0.167],"y":[0.137]},"t":2,"s":[-2.567]},{"i":{"x":[0.833],"y":[0.825]},"o":{"x":[0.167],"y":[0.15]},"t":3,"s":[-1.835]},{"i":{"x":[0.833],"y":[0.834]},"o":{"x":[0.167],"y":[0.159]},"t":4,"s":[-0.917]},{"i":{"x":[0.833],"y":[0.843]},"o":{"x":[0.167],"y":[0.167]},"t":5,"s":[0.093]},{"i":{"x":[0.833],"y":[0.852]},"o":{"x":[0.167],"y":[0.177]},"t":6,"s":[1.095]},{"i":{"x":[0.833],"y":[0.866]},"o":{"x":[0.167],"y":[0.191]},"t":7,"s":[1.985]},{"i":{"x":[0.833],"y":[0.896]},"o":{"x":[0.167],"y":[0.221]},"t":8,"s":[2.674]},{"i":{"x":[0.833],"y":[1.095]},"o":{"x":[0.167],"y":[0.42]},"t":9,"s":[3.091]},{"i":{"x":[0.833],"y":[0.719]},"o":{"x":[0.167],"y":[0.044]},"t":10,"s":[3.195]},{"i":{"x":[0.833],"y":[0.794]},"o":{"x":[0.167],"y":[0.119]},"t":11,"s":[2.974]},{"i":{"x":[0.833],"y":[0.815]},"o":{"x":[0.167],"y":[0.14]},"t":12,"s":[2.451]},{"i":{"x":[0.833],"y":[0.827]},"o":{"x":[0.167],"y":[0.152]},"t":13,"s":[1.679]},{"i":{"x":[0.833],"y":[0.836]},"o":{"x":[0.167],"y":[0.161]},"t":14,"s":[0.737]},{"i":{"x":[0.833],"y":[0.844]},"o":{"x":[0.167],"y":[0.169]},"t":15,"s":[-0.28]},{"i":{"x":[0.833],"y":[0.854]},"o":{"x":[0.167],"y":[0.179]},"t":16,"s":[-1.269]},{"i":{"x":[0.833],"y":[0.87]},"o":{"x":[0.167],"y":[0.195]},"t":17,"s":[-2.128]},{"i":{"x":[0.833],"y":[0.907]},"o":{"x":[0.167],"y":[0.231]},"t":18,"s":[-2.772]},{"i":{"x":[0.833],"y":[1.444]},"o":{"x":[0.167],"y":[0.769]},"t":19,"s":[-3.134]},{"i":{"x":[0.833],"y":[0.745]},"o":{"x":[0.167],"y":[0.07]},"t":20,"s":[-3.178]},{"i":{"x":[0.833],"y":[0.799]},"o":{"x":[0.167],"y":[0.124]},"t":21,"s":[-2.9]},{"i":{"x":[0.833],"y":[0.817]},"o":{"x":[0.167],"y":[0.142]},"t":22,"s":[-2.326]},{"i":{"x":[0.833],"y":[0.828]},"o":{"x":[0.167],"y":[0.153]},"t":23,"s":[-1.517]},{"i":{"x":[0.833],"y":[0.837]},"o":{"x":[0.167],"y":[0.162]},"t":24,"s":[-0.554]},{"i":{"x":[0.833],"y":[0.846]},"o":{"x":[0.167],"y":[0.171]},"t":25,"s":[0.466]},{"i":{"x":[0.833],"y":[0.857]},"o":{"x":[0.167],"y":[0.181]},"t":26,"s":[1.438]},{"i":{"x":[0.833],"y":[0.874]},"o":{"x":[0.167],"y":[0.199]},"t":27,"s":[2.264]},{"i":{"x":[0.833],"y":[0.921]},"o":{"x":[0.167],"y":[0.246]},"t":28,"s":[2.861]},{"i":{"x":[0.833],"y":[-0.884]},"o":{"x":[0.167],"y":[-1.56]},"t":29,"s":[3.167]},{"i":{"x":[0.833],"y":[0.762]},"o":{"x":[0.167],"y":[0.087]},"t":30,"s":[3.151]},{"i":{"x":[0.833],"y":[0.803]},"o":{"x":[0.167],"y":[0.128]},"t":31,"s":[2.816]},{"i":{"x":[0.833],"y":[0.82]},"o":{"x":[0.167],"y":[0.145]},"t":32,"s":[2.194]},{"i":{"x":[0.833],"y":[0.83]},"o":{"x":[0.167],"y":[0.155]},"t":33,"s":[1.35]},{"i":{"x":[0.833],"y":[0.839]},"o":{"x":[0.167],"y":[0.164]},"t":34,"s":[0.369]},{"i":{"x":[0.833],"y":[0.848]},"o":{"x":[0.167],"y":[0.172]},"t":35,"s":[-0.65]},{"i":{"x":[0.833],"y":[0.859]},"o":{"x":[0.167],"y":[0.184]},"t":36,"s":[-1.602]},{"i":{"x":[0.833],"y":[0.879]},"o":{"x":[0.167],"y":[0.204]},"t":37,"s":[-2.392]},{"i":{"x":[0.833],"y":[0.942]},"o":{"x":[0.167],"y":[0.267]},"t":38,"s":[-2.939]},{"i":{"x":[0.833],"y":[0.482]},"o":{"x":[0.167],"y":[-0.193]},"t":39,"s":[-3.188]},{"i":{"x":[0.833],"y":[0.774]},"o":{"x":[0.167],"y":[0.099]},"t":40,"s":[-3.113]},{"i":{"x":[0.833],"y":[0.807]},"o":{"x":[0.167],"y":[0.132]},"t":41,"s":[-2.722]},{"i":{"x":[0.833],"y":[0.822]},"o":{"x":[0.167],"y":[0.147]},"t":42,"s":[-2.055]},{"i":{"x":[0.833],"y":[0.832]},"o":{"x":[0.167],"y":[0.157]},"t":43,"s":[-1.179]},{"i":{"x":[0.833],"y":[0.84]},"o":{"x":[0.167],"y":[0.165]},"t":44,"s":[-0.183]},{"i":{"x":[0.833],"y":[0.849]},"o":{"x":[0.167],"y":[0.174]},"t":45,"s":[0.831]},{"i":{"x":[0.833],"y":[0.862]},"o":{"x":[0.167],"y":[0.187]},"t":46,"s":[1.761]},{"i":{"x":[0.833],"y":[0.885]},"o":{"x":[0.167],"y":[0.21]},"t":47,"s":[2.512]},{"i":{"x":[0.833],"y":[0.975]},"o":{"x":[0.167],"y":[0.3]},"t":48,"s":[3.008]},{"i":{"x":[0.833],"y":[0.64]},"o":{"x":[0.167],"y":[-0.035]},"t":49,"s":[3.199]},{"i":{"x":[0.833],"y":[0.784]},"o":{"x":[0.167],"y":[0.108]},"t":50,"s":[3.065]},{"i":{"x":[0.833],"y":[0.811]},"o":{"x":[0.167],"y":[0.136]},"t":51,"s":[2.619]},{"i":{"x":[0.833],"y":[0.824]},"o":{"x":[0.167],"y":[0.149]},"t":52,"s":[1.908]},{"i":{"x":[0.833],"y":[0.833]},"o":{"x":[0.167],"y":[0.158]},"t":53,"s":[1.003]},{"i":{"x":[0.833],"y":[0.842]},"o":{"x":[0.167],"y":[0.167]},"t":54,"s":[-0.004]},{"i":{"x":[0.833],"y":[0.851]},"o":{"x":[0.167],"y":[0.176]},"t":55,"s":[-1.01]},{"i":{"x":[0.833],"y":[0.865]},"o":{"x":[0.167],"y":[0.189]},"t":56,"s":[-1.914]},{"i":{"x":[0.833],"y":[0.892]},"o":{"x":[0.167],"y":[0.217]},"t":57,"s":[-2.624]},{"i":{"x":[0.833],"y":[1.039]},"o":{"x":[0.167],"y":[0.364]},"t":58,"s":[-3.067]},{"i":{"x":[0.833],"y":[0.702]},"o":{"x":[0.167],"y":[0.026]},"t":59,"s":[-3.199]},{"i":{"x":[0.833],"y":[0.791]},"o":{"x":[0.167],"y":[0.116]},"t":60,"s":[-3.006]},{"i":{"x":[0.833],"y":[0.814]},"o":{"x":[0.167],"y":[0.138]},"t":61,"s":[-2.507]},{"i":{"x":[0.833],"y":[0.826]},"o":{"x":[0.167],"y":[0.151]},"t":62,"s":[-1.755]},{"i":{"x":[0.833],"y":[0.835]},"o":{"x":[0.167],"y":[0.16]},"t":63,"s":[-0.824]},{"i":{"x":[0.833],"y":[0.843]},"o":{"x":[0.167],"y":[0.168]},"t":64,"s":[0.191]},{"i":{"x":[0.833],"y":[0.853]},"o":{"x":[0.167],"y":[0.178]},"t":65,"s":[1.186]},{"i":{"x":[0.833],"y":[0.868]},"o":{"x":[0.167],"y":[0.193]},"t":66,"s":[2.061]},{"i":{"x":[0.833],"y":[0.901]},"o":{"x":[0.167],"y":[0.226]},"t":67,"s":[2.726]},{"i":{"x":[0.833],"y":[1.205]},"o":{"x":[0.167],"y":[0.53]},"t":68,"s":[3.115]},{"i":{"x":[0.833],"y":[0.734]},"o":{"x":[0.167],"y":[0.059]},"t":69,"s":[3.187]},{"i":{"x":[0.833],"y":[0.797]},"o":{"x":[0.167],"y":[0.121]},"t":70,"s":[2.936]},{"i":{"x":[0.833],"y":[0.816]},"o":{"x":[0.167],"y":[0.141]},"t":71,"s":[2.387]},{"i":{"x":[0.833],"y":[0.828]},"o":{"x":[0.167],"y":[0.153]},"t":72,"s":[1.595]},{"i":{"x":[0.833],"y":[0.836]},"o":{"x":[0.167],"y":[0.161]},"t":73,"s":[0.642]},{"i":{"x":[0.833],"y":[0.845]},"o":{"x":[0.167],"y":[0.17]},"t":74,"s":[-0.377]},{"i":{"x":[0.833],"y":[0.855]},"o":{"x":[0.167],"y":[0.18]},"t":75,"s":[-1.357]},{"i":{"x":[0.833],"y":[0.872]},"o":{"x":[0.167],"y":[0.197]},"t":76,"s":[-2.2]},{"i":{"x":[0.833],"y":[0.913]},"o":{"x":[0.167],"y":[0.238]},"t":77,"s":[-2.819]},{"i":{"x":[0.833],"y":[2.895]},"o":{"x":[0.167],"y":[2.22]},"t":78,"s":[-3.152]},{"i":{"x":[0.833],"y":[0.755]},"o":{"x":[0.167],"y":[0.08]},"t":79,"s":[-3.165]},{"i":{"x":[0.833],"y":[0.801]},"o":{"x":[0.167],"y":[0.126]},"t":80,"s":[-2.857]},{"i":{"x":[0.833],"y":[0.819]},"o":{"x":[0.167],"y":[0.144]},"t":81,"s":[-2.259]},{"i":{"x":[0.833],"y":[0.829]},"o":{"x":[0.167],"y":[0.154]},"t":82,"s":[-1.431]},{"i":{"x":[0.833],"y":[0.838]},"o":{"x":[0.167],"y":[0.163]},"t":83,"s":[-0.458]},{"i":{"x":[0.833],"y":[0.847]},"o":{"x":[0.167],"y":[0.172]},"t":84,"s":[0.562]},{"i":{"x":[0.833],"y":[0.858]},"o":{"x":[0.167],"y":[0.183]},"t":85,"s":[1.524]},{"i":{"x":[0.833],"y":[0.876]},"o":{"x":[0.167],"y":[0.201]},"t":86,"s":[2.332]},{"i":{"x":[0.833],"y":[0.931]},"o":{"x":[0.167],"y":[0.256]},"t":87,"s":[2.903]},{"i":{"x":[0.833],"y":[0.264]},"o":{"x":[0.167],"y":[-0.411]},"t":88,"s":[3.179]},{"i":{"x":[0.833],"y":[0.769]},"o":{"x":[0.167],"y":[0.094]},"t":89,"s":[3.133]},{"i":{"x":[0.833],"y":[0.806]},"o":{"x":[0.167],"y":[0.13]},"t":90,"s":[2.768]},{"i":{"x":[0.833],"y":[0.821]},"o":{"x":[0.167],"y":[0.146]},"t":91,"s":[2.122]},{"i":{"x":[0.833],"y":[0.831]},"o":{"x":[0.167],"y":[0.156]},"t":92,"s":[1.261]},{"i":{"x":[0.833],"y":[0.84]},"o":{"x":[0.167],"y":[0.164]},"t":93,"s":[0.272]},{"i":{"x":[0.833],"y":[0.848]},"o":{"x":[0.167],"y":[0.173]},"t":94,"s":[-0.745]},{"i":{"x":[0.833],"y":[0.86]},"o":{"x":[0.167],"y":[0.185]},"t":95,"s":[-1.686]},{"i":{"x":[0.833],"y":[0.882]},"o":{"x":[0.167],"y":[0.207]},"t":96,"s":[-2.456]},{"i":{"x":[0.833],"y":[0.957]},"o":{"x":[0.167],"y":[0.282]},"t":97,"s":[-2.977]},{"i":{"x":[0.833],"y":[0.833]},"o":{"x":[0.167],"y":[-0.089]},"t":98,"s":[-3.195]},{"t":99,"s":[-3.089]}],"ix":10},"p":{"a":1,"k":[{"i":{"x":0.833,"y":0.841},"o":{"x":0.167,"y":0.167},"t":0,"s":[433,768,0],"to":[2.517,0.135,0],"ti":[-4.778,-0.528,0]},{"i":{"x":0.833,"y":0.848},"o":{"x":0.167,"y":0.175},"t":1,"s":[448.099,768.812,0],"to":[4.778,0.528,0],"ti":[-4.037,-1.002,0]},{"i":{"x":0.833,"y":0.857},"o":{"x":0.167,"y":0.185},"t":2,"s":[461.665,771.166,0],"to":[4.037,1.002,0],"ti":[-2.887,-1.374,0]},{"i":{"x":0.833,"y":0.869},"o":{"x":0.167,"y":0.199},"t":3,"s":[472.321,774.824,0],"to":[2.887,1.374,0],"ti":[-1.443,-1.452,0]},{"i":{"x":0.833,"y":0.813},"o":{"x":0.167,"y":0.228},"t":4,"s":[478.985,779.413,0],"to":[1.443,1.452,0],"ti":[0.147,0.148,0]},{"i":{"x":0.833,"y":0.792},"o":{"x":0.167,"y":0.15},"t":5,"s":[480.98,783.533,0],"to":[-0.147,-0.148,0],"ti":[1.722,1.576,0]},{"i":{"x":0.833,"y":0.804},"o":{"x":0.167,"y":0.139},"t":6,"s":[478.103,778.526,0],"to":[-1.722,-1.576,0],"ti":[3.122,1.316,0]},{"i":{"x":0.833,"y":0.817},"o":{"x":0.167,"y":0.145},"t":7,"s":[470.647,774.074,0],"to":[-3.122,-1.316,0],"ti":[4.206,0.922,0]},{"i":{"x":0.833,"y":0.827},"o":{"x":0.167,"y":0.153},"t":8,"s":[459.369,770.631,0],"to":[-4.206,-0.922,0],"ti":[4.862,0.434,0]},{"i":{"x":0.833,"y":0.835},"o":{"x":0.167,"y":0.161},"t":9,"s":[445.414,768.544,0],"to":[-4.862,-0.434,0],"ti":[5.024,-0.098,0]},{"i":{"x":0.833,"y":0.842},"o":{"x":0.167,"y":0.168},"t":10,"s":[430.198,768.027,0],"to":[-5.024,0.098,0],"ti":[4.677,-0.62,0]},{"i":{"x":0.833,"y":0.85},"o":{"x":0.167,"y":0.176},"t":11,"s":[415.267,769.132,0],"to":[-4.677,0.62,0],"ti":[3.855,-1.079,0]},{"i":{"x":0.833,"y":0.858},"o":{"x":0.167,"y":0.187},"t":12,"s":[402.136,771.746,0],"to":[-3.855,1.079,0],"ti":[2.641,-1.428,0]},{"i":{"x":0.833,"y":0.884},"o":{"x":0.167,"y":0.202},"t":13,"s":[392.139,775.604,0],"to":[-2.641,1.428,0],"ti":[1.159,-1.166,0]},{"i":{"x":0.833,"y":0.738},"o":{"x":0.167,"y":0.299},"t":14,"s":[386.29,780.315,0],"to":[-1.159,1.166,0],"ti":[-0.44,0.443,0]},{"i":{"x":0.833,"y":0.792},"o":{"x":0.167,"y":0.122},"t":15,"s":[385.184,782.6,0],"to":[0.44,-0.443,0],"ti":[-1.995,1.54,0]},{"i":{"x":0.833,"y":0.807},"o":{"x":0.167,"y":0.139},"t":16,"s":[388.933,777.657,0],"to":[1.995,-1.54,0],"ti":[-3.347,1.253,0]},{"i":{"x":0.833,"y":0.819},"o":{"x":0.167,"y":0.146},"t":17,"s":[397.155,773.359,0],"to":[3.347,-1.253,0],"ti":[-4.36,0.838,0]},{"i":{"x":0.833,"y":0.828},"o":{"x":0.167,"y":0.154},"t":18,"s":[409.017,770.14,0],"to":[4.36,-0.838,0],"ti":[-4.93,0.339,0]},{"i":{"x":0.833,"y":0.836},"o":{"x":0.167,"y":0.162},"t":19,"s":[423.314,768.329,0],"to":[4.93,-0.339,0],"ti":[-4.999,-0.196,0]},{"i":{"x":0.833,"y":0.843},"o":{"x":0.167,"y":0.17},"t":20,"s":[438.594,768.109,0],"to":[4.999,0.196,0],"ti":[-4.56,-0.71,0]},{"i":{"x":0.833,"y":0.851},"o":{"x":0.167,"y":0.178},"t":21,"s":[453.307,769.502,0],"to":[4.56,0.71,0],"ti":[-3.659,-1.152,0]},{"i":{"x":0.833,"y":0.859},"o":{"x":0.167,"y":0.19},"t":22,"s":[465.957,772.368,0],"to":[3.659,1.152,0],"ti":[-2.386,-1.477,0]},{"i":{"x":0.833,"y":0.895},"o":{"x":0.167,"y":0.205},"t":23,"s":[475.262,776.414,0],"to":[2.386,1.477,0],"ti":[-0.871,-0.876,0]},{"i":{"x":0.833,"y":0.601},"o":{"x":0.167,"y":0.411},"t":24,"s":[480.275,781.23,0],"to":[0.871,0.876,0],"ti":[0.732,0.737,0]},{"i":{"x":0.833,"y":0.794},"o":{"x":0.167,"y":0.105},"t":25,"s":[480.489,781.672,0],"to":[-0.732,-0.737,0],"ti":[2.262,1.499,0]},{"i":{"x":0.833,"y":0.809},"o":{"x":0.167,"y":0.14},"t":26,"s":[475.881,776.811,0],"to":[-2.262,-1.499,0],"ti":[3.561,1.186,0]},{"i":{"x":0.833,"y":0.821},"o":{"x":0.167,"y":0.148},"t":27,"s":[466.92,772.679,0],"to":[-3.561,-1.186,0],"ti":[4.499,0.752,0]},{"i":{"x":0.833,"y":0.83},"o":{"x":0.167,"y":0.156},"t":28,"s":[454.515,769.697,0],"to":[-4.499,-0.752,0],"ti":[4.98,0.242,0]},{"i":{"x":0.833,"y":0.837},"o":{"x":0.167,"y":0.163},"t":29,"s":[439.925,768.167,0],"to":[-4.98,-0.242,0],"ti":[4.956,-0.292,0]},{"i":{"x":0.833,"y":0.845},"o":{"x":0.167,"y":0.171},"t":30,"s":[424.632,768.245,0],"to":[-4.956,0.292,0],"ti":[4.428,-0.797,0]},{"i":{"x":0.833,"y":0.853},"o":{"x":0.167,"y":0.18},"t":31,"s":[410.189,769.922,0],"to":[-4.428,0.797,0],"ti":[3.451,-1.221,0]},{"i":{"x":0.833,"y":0.86},"o":{"x":0.167,"y":0.192},"t":32,"s":[398.062,773.029,0],"to":[-3.451,1.221,0],"ti":[2.124,-1.521,0]},{"i":{"x":0.833,"y":0.888},"o":{"x":0.167,"y":0.207},"t":33,"s":[389.482,777.249,0],"to":[-2.124,1.521,0],"ti":[0.58,-0.584,0]},{"i":{"x":0.833,"y":0.647},"o":{"x":0.167,"y":0.323},"t":34,"s":[385.32,782.155,0],"to":[-0.58,0.584,0],"ti":[-1.022,1.028,0]},{"i":{"x":0.833,"y":0.797},"o":{"x":0.167,"y":0.109},"t":35,"s":[385.999,780.752,0],"to":[1.022,-1.028,0],"ti":[-2.52,1.452,0]},{"i":{"x":0.833,"y":0.812},"o":{"x":0.167,"y":0.141},"t":36,"s":[391.451,775.989,0],"to":[2.52,-1.452,0],"ti":[-3.763,1.114,0]},{"i":{"x":0.833,"y":0.823},"o":{"x":0.167,"y":0.149},"t":37,"s":[401.12,772.039,0],"to":[3.763,-1.114,0],"ti":[-4.623,0.663,0]},{"i":{"x":0.833,"y":0.831},"o":{"x":0.167,"y":0.157},"t":38,"s":[414.027,769.303,0],"to":[4.623,-0.663,0],"ti":[-5.014,0.145,0]},{"i":{"x":0.833,"y":0.839},"o":{"x":0.167,"y":0.165},"t":39,"s":[428.859,768.06,0],"to":[5.014,-0.145,0],"ti":[-4.896,-0.388,0]},{"i":{"x":0.833,"y":0.846},"o":{"x":0.167,"y":0.172},"t":40,"s":[444.112,768.435,0],"to":[4.896,0.388,0],"ti":[-4.281,-0.882,0]},{"i":{"x":0.833,"y":0.854},"o":{"x":0.167,"y":0.182},"t":41,"s":[458.237,770.39,0],"to":[4.281,0.882,0],"ti":[-3.231,-1.286,0]},{"i":{"x":0.833,"y":0.861},"o":{"x":0.167,"y":0.195},"t":42,"s":[469.8,773.727,0],"to":[3.231,1.286,0],"ti":[-1.854,-1.56,0]},{"i":{"x":0.833,"y":0.864},"o":{"x":0.167,"y":0.208},"t":43,"s":[477.626,778.107,0],"to":[1.854,1.56,0],"ti":[-0.288,-0.289,0]},{"i":{"x":0.833,"y":0.744},"o":{"x":0.167,"y":0.216},"t":44,"s":[480.922,783.086,0],"to":[0.288,0.289,0],"ti":[1.308,1.315,0]},{"i":{"x":0.833,"y":0.8},"o":{"x":0.167,"y":0.124},"t":45,"s":[479.352,779.843,0],"to":[-1.308,-1.315,0],"ti":[2.77,1.401,0]},{"i":{"x":0.833,"y":0.814},"o":{"x":0.167,"y":0.143},"t":46,"s":[473.076,775.194,0],"to":[-2.77,-1.401,0],"ti":[3.951,1.039,0]},{"i":{"x":0.833,"y":0.824},"o":{"x":0.167,"y":0.151},"t":47,"s":[462.731,771.439,0],"to":[-3.951,-1.039,0],"ti":[4.731,0.572,0]},{"i":{"x":0.833,"y":0.833},"o":{"x":0.167,"y":0.159},"t":48,"s":[449.367,768.959,0],"to":[-4.731,-0.572,0],"ti":[5.031,0.047,0]},{"i":{"x":0.833,"y":0.84},"o":{"x":0.167,"y":0.166},"t":49,"s":[434.342,768.006,0],"to":[-5.031,-0.047,0],"ti":[4.82,-0.483,0]},{"i":{"x":0.833,"y":0.848},"o":{"x":0.167,"y":0.174},"t":50,"s":[419.181,768.677,0],"to":[-4.82,0.483,0],"ti":[4.119,-0.964,0]},{"i":{"x":0.833,"y":0.856},"o":{"x":0.167,"y":0.184},"t":51,"s":[405.422,770.904,0],"to":[-4.119,0.964,0],"ti":[3.001,-1.347,0]},{"i":{"x":0.833,"y":0.861},"o":{"x":0.167,"y":0.198},"t":52,"s":[394.464,774.461,0],"to":[-3.001,1.347,0],"ti":[1.577,-1.587,0]},{"i":{"x":0.833,"y":0.833},"o":{"x":0.167,"y":0.209},"t":53,"s":[387.418,778.986,0],"to":[-1.577,1.587,0],"ti":[-0.006,0.006,0]},{"i":{"x":0.833,"y":0.792},"o":{"x":0.167,"y":0.166},"t":54,"s":[385,783.98,0],"to":[0.006,-0.006,0],"ti":[-1.589,1.592,0]},{"i":{"x":0.833,"y":0.803},"o":{"x":0.167,"y":0.139},"t":55,"s":[387.455,778.948,0],"to":[1.589,-1.592,0],"ti":[-3.011,1.344,0]},{"i":{"x":0.833,"y":0.816},"o":{"x":0.167,"y":0.144},"t":56,"s":[394.535,774.429,0],"to":[3.011,-1.344,0],"ti":[-4.127,0.96,0]},{"i":{"x":0.833,"y":0.826},"o":{"x":0.167,"y":0.152},"t":57,"s":[405.52,770.882,0],"to":[4.127,-0.96,0],"ti":[-4.824,0.479,0]},{"i":{"x":0.833,"y":0.834},"o":{"x":0.167,"y":0.16},"t":58,"s":[419.295,768.666,0],"to":[4.824,-0.479,0],"ti":[-5.031,-0.051,0]},{"i":{"x":0.833,"y":0.841},"o":{"x":0.167,"y":0.167},"t":59,"s":[434.461,768.007,0],"to":[5.031,0.051,0],"ti":[-4.727,-0.576,0]},{"i":{"x":0.833,"y":0.849},"o":{"x":0.167,"y":0.176},"t":60,"s":[449.479,768.972,0],"to":[4.727,0.576,0],"ti":[-3.944,-1.042,0]},{"i":{"x":0.833,"y":0.857},"o":{"x":0.167,"y":0.186},"t":61,"s":[462.824,771.463,0],"to":[3.944,1.042,0],"ti":[-2.76,-1.403,0]},{"i":{"x":0.833,"y":0.877},"o":{"x":0.167,"y":0.201},"t":62,"s":[473.141,775.227,0],"to":[2.76,1.403,0],"ti":[-1.296,-1.303,0]},{"i":{"x":0.833,"y":0.781},"o":{"x":0.167,"y":0.259},"t":63,"s":[479.382,779.881,0],"to":[1.296,1.303,0],"ti":[0.3,0.302,0]},{"i":{"x":0.833,"y":0.792},"o":{"x":0.167,"y":0.135},"t":64,"s":[480.915,783.046,0],"to":[-0.3,-0.302,0],"ti":[1.865,1.558,0]},{"i":{"x":0.833,"y":0.805},"o":{"x":0.167,"y":0.139},"t":65,"s":[477.582,778.071,0],"to":[-1.865,-1.558,0],"ti":[3.241,1.284,0]},{"i":{"x":0.833,"y":0.818},"o":{"x":0.167,"y":0.146},"t":66,"s":[469.723,773.697,0],"to":[-3.241,-1.284,0],"ti":[4.288,0.879,0]},{"i":{"x":0.833,"y":0.828},"o":{"x":0.167,"y":0.154},"t":67,"s":[458.136,770.369,0],"to":[-4.288,-0.879,0],"ti":[4.899,0.384,0]},{"i":{"x":0.833,"y":0.835},"o":{"x":0.167,"y":0.161},"t":68,"s":[443.997,768.426,0],"to":[-4.899,-0.384,0],"ti":[5.013,-0.149,0]},{"i":{"x":0.833,"y":0.843},"o":{"x":0.167,"y":0.169},"t":69,"s":[428.741,768.063,0],"to":[-5.013,0.149,0],"ti":[4.618,-0.667,0]},{"i":{"x":0.833,"y":0.851},"o":{"x":0.167,"y":0.177},"t":70,"s":[413.917,769.319,0],"to":[-4.618,0.667,0],"ti":[3.754,-1.117,0]},{"i":{"x":0.833,"y":0.859},"o":{"x":0.167,"y":0.189},"t":71,"s":[401.031,772.065,0],"to":[-3.754,1.117,0],"ti":[2.509,-1.454,0]},{"i":{"x":0.833,"y":0.891},"o":{"x":0.167,"y":0.203},"t":72,"s":[391.391,776.023,0],"to":[-2.509,1.454,0],"ti":[1.01,-1.015,0]},{"i":{"x":0.833,"y":0.671},"o":{"x":0.167,"y":0.358},"t":73,"s":[385.975,780.791,0],"to":[-1.01,1.015,0],"ti":[-0.593,0.596,0]},{"i":{"x":0.833,"y":0.793},"o":{"x":0.167,"y":0.112},"t":74,"s":[385.334,782.116,0],"to":[0.593,-0.596,0],"ti":[-2.135,1.519,0]},{"i":{"x":0.833,"y":0.808},"o":{"x":0.167,"y":0.14},"t":75,"s":[389.532,777.213,0],"to":[2.135,-1.519,0],"ti":[-3.46,1.218,0]},{"i":{"x":0.833,"y":0.82},"o":{"x":0.167,"y":0.147},"t":76,"s":[398.144,773,0],"to":[3.46,-1.218,0],"ti":[-4.434,0.794,0]},{"i":{"x":0.833,"y":0.829},"o":{"x":0.167,"y":0.155},"t":77,"s":[410.294,769.903,0],"to":[4.434,-0.794,0],"ti":[-4.958,0.288,0]},{"i":{"x":0.833,"y":0.837},"o":{"x":0.167,"y":0.163},"t":78,"s":[424.75,768.238,0],"to":[4.958,-0.288,0],"ti":[-4.979,-0.246,0]},{"i":{"x":0.833,"y":0.844},"o":{"x":0.167,"y":0.17},"t":79,"s":[440.043,768.173,0],"to":[4.979,0.246,0],"ti":[-4.494,-0.756,0]},{"i":{"x":0.833,"y":0.852},"o":{"x":0.167,"y":0.179},"t":80,"s":[454.621,769.715,0],"to":[4.494,0.756,0],"ti":[-3.552,-1.189,0]},{"i":{"x":0.833,"y":0.86},"o":{"x":0.167,"y":0.191},"t":81,"s":[467.004,772.707,0],"to":[3.552,1.189,0],"ti":[-2.25,-1.501,0]},{"i":{"x":0.833,"y":0.894},"o":{"x":0.167,"y":0.206},"t":82,"s":[475.935,776.846,0],"to":[2.25,1.501,0],"ti":[-0.72,-0.724,0]},{"i":{"x":0.833,"y":0.592},"o":{"x":0.167,"y":0.394},"t":83,"s":[480.506,781.711,0],"to":[0.72,0.724,0],"ti":[0.884,0.889,0]},{"i":{"x":0.833,"y":0.795},"o":{"x":0.167,"y":0.105},"t":84,"s":[480.255,781.191,0],"to":[-0.884,-0.889,0],"ti":[2.397,1.475,0]},{"i":{"x":0.833,"y":0.81},"o":{"x":0.167,"y":0.141},"t":85,"s":[475.205,776.379,0],"to":[-2.397,-1.475,0],"ti":[3.668,1.149,0]},{"i":{"x":0.833,"y":0.822},"o":{"x":0.167,"y":0.149},"t":86,"s":[465.871,772.34,0],"to":[-3.668,-1.149,0],"ti":[4.566,0.706,0]},{"i":{"x":0.833,"y":0.831},"o":{"x":0.167,"y":0.157},"t":87,"s":[453.199,769.486,0],"to":[-4.566,-0.706,0],"ti":[5,0.191,0]},{"i":{"x":0.833,"y":0.838},"o":{"x":0.167,"y":0.164},"t":88,"s":[438.476,768.104,0],"to":[-5,-0.191,0],"ti":[4.927,-0.343,0]},{"i":{"x":0.833,"y":0.846},"o":{"x":0.167,"y":0.172},"t":89,"s":[423.197,768.337,0],"to":[-4.927,0.343,0],"ti":[4.354,-0.842,0]},{"i":{"x":0.833,"y":0.854},"o":{"x":0.167,"y":0.181},"t":90,"s":[408.914,770.16,0],"to":[-4.354,0.842,0],"ti":[3.338,-1.256,0]},{"i":{"x":0.833,"y":0.861},"o":{"x":0.167,"y":0.194},"t":91,"s":[397.076,773.388,0],"to":[-3.338,1.256,0],"ti":[1.984,-1.542,0]},{"i":{"x":0.833,"y":0.877},"o":{"x":0.167,"y":0.208},"t":92,"s":[388.886,777.694,0],"to":[-1.984,1.542,0],"ti":[0.428,-0.43,0]},{"i":{"x":0.833,"y":0.705},"o":{"x":0.167,"y":0.257},"t":93,"s":[385.174,782.64,0],"to":[-0.428,0.43,0],"ti":[-1.171,1.178,0]},{"i":{"x":0.833,"y":0.798},"o":{"x":0.167,"y":0.116},"t":94,"s":[386.318,780.277,0],"to":[1.171,-1.178,0],"ti":[-2.652,1.426,0]},{"i":{"x":0.833,"y":0.813},"o":{"x":0.167,"y":0.142},"t":95,"s":[392.201,775.571,0],"to":[2.652,-1.426,0],"ti":[-3.863,1.076,0]},{"i":{"x":0.833,"y":0.824},"o":{"x":0.167,"y":0.15},"t":96,"s":[402.227,771.721,0],"to":[3.863,-1.076,0],"ti":[-4.682,0.616,0]},{"i":{"x":0.833,"y":0.832},"o":{"x":0.167,"y":0.158},"t":97,"s":[415.378,769.117,0],"to":[4.682,-0.616,0],"ti":[-5.025,0.094,0]},{"i":{"x":0.833,"y":0.833},"o":{"x":0.167,"y":0.165},"t":98,"s":[430.317,768.025,0],"to":[5.025,-0.094,0],"ti":[-2.535,-0.088,0]},{"t":99,"s":[445.529,768.555,0]}],"ix":2},"a":{"a":0,"k":[268,260,0],"ix":1},"s":{"a":0,"k":[100,100,100],"ix":6}},"ao":0,"ef":[{"ty":5,"nm":"AC FX [784] Controls","np":10,"mn":"Pseudo/MHAC PrCtrl 784 4","ix":1,"en":1,"ef":[{"ty":0,"nm":"Intensity","mn":"Pseudo/MHAC PrCtrl 784 4-0001","ix":1,"v":{"a":0,"k":8,"ix":1}},{"ty":3,"nm":"XY Motion Range","mn":"Pseudo/MHAC PrCtrl 784 4-0002","ix":2,"v":{"a":0,"k":[600,-200],"ix":2}},{"ty":0,"nm":"X Frequency","mn":"Pseudo/MHAC PrCtrl 784 4-0003","ix":3,"v":{"a":0,"k":8,"ix":3}},{"ty":0,"nm":"Y Frequency","mn":"Pseudo/MHAC PrCtrl 784 4-0004","ix":4,"v":{"a":0,"k":8,"ix":4}},{"ty":0,"nm":"Y Time Offset","mn":"Pseudo/MHAC PrCtrl 784 4-0005","ix":5,"v":{"a":0,"k":0,"ix":5}},{"ty":0,"nm":"Angle Frequency","mn":"Pseudo/MHAC PrCtrl 784 4-0006","ix":6,"v":{"a":0,"k":8,"ix":6}},{"ty":0,"nm":"Angle","mn":"Pseudo/MHAC PrCtrl 784 4-0007","ix":7,"v":{"a":0,"k":-40,"ix":7}},{"ty":0,"nm":"Angle Time Offset","mn":"Pseudo/MHAC PrCtrl 784 4-0008","ix":8,"v":{"a":0,"k":0,"ix":8}}]}],"w":536,"h":520,"ip":0,"op":100,"st":0,"bm":0},{"ddd":0,"ind":3,"ty":4,"nm":"shadow","sr":1,"ks":{"o":{"a":0,"k":100,"ix":11},"r":{"a":0,"k":0,"ix":10},"p":{"a":1,"k":[{"i":{"x":0.833,"y":0.833},"o":{"x":0.167,"y":0.167},"t":0,"s":[425,552,0],"to":[0,0,0],"ti":[0,0,0]},{"i":{"x":0.833,"y":0.833},"o":{"x":0.167,"y":0.167},"t":5,"s":[489,552,0],"to":[0,0,0],"ti":[0,0,0]},{"i":{"x":0.833,"y":0.833},"o":{"x":0.167,"y":0.167},"t":16,"s":[397.511,552,0],"to":[0,0,0],"ti":[0,0,0]},{"i":{"x":0.833,"y":0.833},"o":{"x":0.167,"y":0.167},"t":25,"s":[520.491,552,0],"to":[0,0,0],"ti":[0,0,0]},{"i":{"x":0.833,"y":0.833},"o":{"x":0.167,"y":0.167},"t":35,"s":[415.587,552,0],"to":[0,0,0],"ti":[0,0,0]},{"i":{"x":0.833,"y":0.833},"o":{"x":0.167,"y":0.167},"t":45,"s":[497.058,552,0],"to":[0,0,0],"ti":[0,0,0]},{"i":{"x":0.833,"y":0.833},"o":{"x":0.167,"y":0.167},"t":54,"s":[405.048,552,0],"to":[0,0,0],"ti":[0,0,0]},{"i":{"x":0.833,"y":0.833},"o":{"x":0.167,"y":0.167},"t":64,"s":[489.482,552,0],"to":[0,0,0],"ti":[0,0,0]},{"i":{"x":0.833,"y":0.833},"o":{"x":0.167,"y":0.167},"t":75,"s":[421.212,552,0],"to":[0,0,0],"ti":[0,0,0]},{"i":{"x":0.833,"y":0.833},"o":{"x":0.167,"y":0.167},"t":84,"s":[502.637,552,0],"to":[0,0,0],"ti":[0,0,0]},{"i":{"x":0.833,"y":0.833},"o":{"x":0.167,"y":0.167},"t":92,"s":[417.231,552,0],"to":[0,0,0],"ti":[0,0,0]},{"t":99,"s":[425,552,0]}],"ix":2},"a":{"a":0,"k":[0,0,0],"ix":1},"s":{"a":0,"k":[100,100,100],"ix":6}},"ao":0,"shapes":[{"ty":"gr","it":[{"ind":0,"ty":"sh","ix":1,"ks":{"a":0,"k":{"i":[[86.156,0],[0,-11.046],[-86.156,0],[0,11.046]],"o":[[-86.156,0],[0,11.046],[86.156,0],[0,-11.046]],"v":[[0,-20],[-156,0],[0,20],[156,0]],"c":true},"ix":2},"nm":"Path 1","mn":"ADBE Vector Shape - Group","hd":false},{"ty":"fl","c":{"a":0,"k":[0.890196078431,0.890196078431,0.890196078431,1],"ix":4},"o":{"a":0,"k":100,"ix":5},"r":1,"bm":0,"nm":"Fill 1","mn":"ADBE Vector Graphic - Fill","hd":false},{"ty":"tr","p":{"a":0,"k":[-9,488],"ix":2},"a":{"a":0,"k":[0,0],"ix":1},"s":{"a":0,"k":[100,100],"ix":3},"r":{"a":0,"k":0,"ix":6},"o":{"a":0,"k":100,"ix":7},"sk":{"a":0,"k":0,"ix":4},"sa":{"a":0,"k":0,"ix":5},"nm":"Transform"}],"nm":"Ellipse 1","np":3,"cix":2,"bm":0,"ix":1,"mn":"ADBE Vector Group","hd":false}],"ip":0,"op":100,"st":0,"bm":0},{"ddd":0,"ind":4,"ty":4,"nm":"path4185","sr":1,"ks":{"o":{"a":0,"k":100,"ix":11},"r":{"a":0,"k":0,"ix":10},"p":{"a":0,"k":[442.517,106.154,0],"ix":2},"a":{"a":0,"k":[57.086,49.184,0],"ix":1},"s":{"a":0,"k":[100,100,100],"ix":6}},"ao":0,"shapes":[{"ty":"gr","it":[{"ind":0,"ty":"sh","ix":1,"ks":{"a":0,"k":{"i":[[0,0],[0,0],[0,0.546],[0,0],[-0.052,0],[0,0],[-0.273,-0.923],[0,-0.208],[0.52,0]],"o":[[0,0],[-0.533,0],[0,-0.208],[0.273,-0.923],[0,0],[0.052,0],[0,0],[0,0.546],[0,0]],"v":[[64.859,57.372],[50.47,57.372],[49.6,56.254],[57.255,31.377],[57.658,30.428],[57.671,30.428],[58.074,31.377],[65.73,56.254],[64.859,57.372]],"c":false},"ix":2},"nm":"Path 1","mn":"ADBE Vector Shape - Group","hd":false},{"ind":1,"ty":"sh","ix":2,"ks":{"a":0,"k":{"i":[[0,0],[0.533,0.026],[0,0],[0.143,-0.481],[0,-0.182],[-0.481,0],[0,0],[-0.065,0.299],[0,0],[-0.364,0.013],[0,0],[-0.143,-0.312],[0,0],[-0.273,-0.104],[-0.026,0],[0,0.494],[0,0]],"o":[[-0.143,-0.494],[0,0],[-0.52,0.026],[0,0],[0,0.481],[0,0],[0.286,-0.091],[0,0],[0.13,-0.312],[0,0],[0.364,0.026],[0,0],[0.065,0.299],[0,0],[0.481,0],[0,-0.156],[0,0]],"v":[[84.226,0.871],[83.121,0],[30.285,0],[29.18,0.858],[0,97.483],[0.871,98.354],[35.796,98.354],[36.355,97.691],[40.423,84.681],[41.216,84.135],[73.424,84.135],[74.23,84.694],[78.39,97.691],[78.936,98.367],[113.302,98.354],[114.173,97.496],[84.226,0.871]],"c":false},"ix":2},"nm":"Path 2","mn":"ADBE Vector Shape - Group","hd":false},{"ty":"fl","c":{"a":0,"k":[0,0,0,1],"ix":4},"o":{"a":0,"k":100,"ix":5},"r":1,"bm":0,"nm":"Fill 1","mn":"ADBE Vector Graphic - Fill","hd":false},{"ty":"tr","p":{"a":0,"k":[0,0],"ix":2},"a":{"a":0,"k":[0,0],"ix":1},"s":{"a":0,"k":[100,100],"ix":3},"r":{"a":0,"k":0,"ix":6},"o":{"a":0,"k":100,"ix":7},"sk":{"a":0,"k":0,"ix":4},"sa":{"a":0,"k":0,"ix":5},"nm":"Transform"}],"nm":"path4185","np":4,"cix":2,"bm":0,"ix":1,"mn":"ADBE Vector Group","hd":false}],"ip":0,"op":100,"st":0,"bm":0},{"ddd":0,"ind":5,"ty":4,"nm":"path4181","sr":1,"ks":{"o":{"a":0,"k":100,"ix":11},"r":{"a":0,"k":0,"ix":10},"p":{"a":0,"k":[574.647,106.152,0],"ix":2},"a":{"a":0,"k":[68.563,49.177,0],"ix":1},"s":{"a":0,"k":[100,100,100],"ix":6}},"ao":0,"shapes":[{"ty":"gr","it":[{"ind":0,"ty":"sh","ix":1,"ks":{"a":0,"k":{"i":[[0,0],[0,0],[0,0.65],[0,0],[0,0],[0,0],[0,-5.29],[0,0]],"o":[[0,0],[0,0],[0,0],[0,-0.65],[0,0],[2.288,0],[0,5.29],[0,0]],"v":[[61.311,40.267],[39.851,40.28],[39.279,39.461],[39.266,28.634],[39.838,27.815],[59.517,27.815],[66.432,34.249],[61.311,40.267]],"c":false},"ix":2},"nm":"Path 1","mn":"ADBE Vector Shape - Group","hd":false},{"ind":1,"ty":"sh","ix":2,"ks":{"a":0,"k":{"i":[[0,0],[0,0.338],[0,0],[0,0],[0,5.446],[9.761,8.462],[0,0],[0,0],[0,-0.026],[-0.312,0],[0,0],[0,0],[0,0],[0,0],[0,0],[0,0],[0,0]],"o":[[-5.849,-0.026],[0,-0.598],[2.197,-1.053],[9.514,-7.409],[0,-5.459],[-9.761,-8.462],[0,0],[0,0],[0,0.312],[0.065,0],[0,0],[0,-0.494],[0,0],[7.084,7.162],[0,0],[0,0],[0,0]],"v":[[89.62,63.533],[83.355,60.843],[84.083,59.868],[90.764,55.319],[101.422,32.299],[90.841,8.722],[68.719,0],[0,0],[0,97.795],[0.598,98.354],[38.85,98.354],[38.85,70.942],[39.591,70.942],[59.517,90.945],[78.312,98.354],[137.127,98.354],[137.127,63.533]],"c":true},"ix":2},"nm":"Path 2","mn":"ADBE Vector Shape - Group","hd":false},{"ty":"fl","c":{"a":0,"k":[0,0,0,1],"ix":4},"o":{"a":0,"k":100,"ix":5},"r":1,"bm":0,"nm":"Fill 1","mn":"ADBE Vector Graphic - Fill","hd":false},{"ty":"tr","p":{"a":0,"k":[0,0],"ix":2},"a":{"a":0,"k":[0,0],"ix":1},"s":{"a":0,"k":[100,100],"ix":3},"r":{"a":0,"k":0,"ix":6},"o":{"a":0,"k":100,"ix":7},"sk":{"a":0,"k":0,"ix":4},"sa":{"a":0,"k":0,"ix":5},"nm":"Transform"}],"nm":"path4181","np":4,"cix":2,"bm":0,"ix":1,"mn":"ADBE Vector Group","hd":false}],"ip":0,"op":100,"st":0,"bm":0},{"ddd":0,"ind":6,"ty":4,"nm":"path4177","sr":1,"ks":{"o":{"a":0,"k":100,"ix":11},"r":{"a":0,"k":0,"ix":10},"p":{"a":0,"k":[285.184,106.151,0],"ix":2},"a":{"a":0,"k":[113.971,49.177,0],"ix":1},"s":{"a":0,"k":[100,100,100],"ix":6}},"ao":0,"shapes":[{"ty":"gr","it":[{"ind":0,"ty":"sh","ix":1,"ks":{"a":0,"k":{"i":[[0,0],[4.718,-3.496],[0,-10.983],[0,0],[0,0],[0,-0.299],[0.663,0],[0,0],[0,0],[0,0],[-1.963,1.963],[0,12.127],[2.366,2.847],[1.755,1.833],[0,0.286],[-0.377,0.13],[0,0],[0,0],[0,0],[0,0],[0,0],[0,0]],"o":[[-5.862,0],[-4.718,3.496],[0,10.983],[3.418,4.237],[0.195,0.208],[0,0.663],[-0.104,0],[0,0],[0,0],[12.842,0],[1.95,-1.95],[0,-12.114],[-2.106,-2.548],[-0.208,-0.182],[0,-0.429],[0,0],[0,0],[0,0],[0,0],[0,0],[0,0],[0,0]],"v":[[91.114,0],[72.32,6.512],[60.778,28.959],[67.445,48.482],[79.468,61.609],[79.78,62.389],[78.585,63.598],[0,63.598],[0,98.354],[94.455,98.354],[116.421,89.399],[124.87,68.004],[116.98,46.779],[104.723,33.56],[104.385,32.832],[105.009,31.884],[150.501,31.884],[150.501,98.354],[185.478,98.354],[185.478,32.053],[227.942,32.053],[227.942,0]],"c":true},"ix":2},"nm":"Path 1","mn":"ADBE Vector Shape - Group","hd":false},{"ty":"fl","c":{"a":0,"k":[0,0,0,1],"ix":4},"o":{"a":0,"k":100,"ix":5},"r":1,"bm":0,"nm":"Fill 1","mn":"ADBE Vector Graphic - Fill","hd":false},{"ty":"tr","p":{"a":0,"k":[0,0],"ix":2},"a":{"a":0,"k":[0,0],"ix":1},"s":{"a":0,"k":[100,100],"ix":3},"r":{"a":0,"k":0,"ix":6},"o":{"a":0,"k":100,"ix":7},"sk":{"a":0,"k":0,"ix":4},"sa":{"a":0,"k":0,"ix":5},"nm":"Transform"}],"nm":"path4177","np":3,"cix":2,"bm":0,"ix":1,"mn":"ADBE Vector Group","hd":false}],"ip":0,"op":100,"st":0,"bm":0},{"ddd":0,"ind":7,"ty":4,"nm":"path4173","sr":1,"ks":{"o":{"a":0,"k":100,"ix":11},"r":{"a":0,"k":0,"ix":10},"p":{"a":0,"k":[245.881,211.785,0],"ix":2},"a":{"a":0,"k":[74.659,49.184,0],"ix":1},"s":{"a":0,"k":[100,100,100],"ix":6}},"ao":0,"shapes":[{"ty":"gr","it":[{"ind":0,"ty":"sh","ix":1,"ks":{"a":0,"k":{"i":[[0,0],[-0.078,0.286],[0,0.091],[0.247,0.026],[0.026,0],[0.039,-0.195],[0,-0.013],[0.182,0],[0.026,0.156],[0,0],[0.182,0],[0,0],[0.039,-0.104],[0,0],[0.195,0],[0.026,0.169],[0,0],[0.156,0.026],[0,0],[0,-0.325],[0,0],[-0.013,-0.039],[-0.26,0],[0,0],[-0.052,0.234],[0,0],[-0.182,0],[-0.052,-0.182],[0,0],[-0.208,0],[0,0]],"o":[[0.26,0],[0,0],[0,-0.26],[0,0],[-0.182,0],[0,0.013],[-0.052,0.208],[-0.182,0],[0,0],[-0.026,-0.169],[-0.013,0],[-0.117,0.026],[0,0],[-0.039,0.221],[-0.169,0],[0,0],[-0.013,-0.156],[0,0],[-0.312,0],[0,0.052],[0,0],[0.078,0.286],[0.039,0],[0.195,-0.026],[0.013,0],[0.065,-0.221],[0.195,0],[0,0],[0.065,0.182],[0.026,0],[0,0]],"v":[[119.203,98.354],[119.723,97.886],[149.318,0.585],[148.916,0.013],[112.431,0.013],[112.093,0.351],[104.541,25.645],[104.203,25.983],[103.839,25.645],[95.937,0.338],[95.599,0.013],[55.306,0],[55.046,0.234],[47.962,25.632],[47.611,25.983],[47.273,25.684],[39.76,0.312],[39.461,0],[0.572,0],[0,0.585],[0.013,0.741],[30.051,97.886],[30.571,98.354],[62.87,98.367],[63.312,97.886],[74.555,61.739],[74.893,61.389],[75.244,61.726],[86.201,98.042],[86.643,98.354],[119.203,98.354]],"c":false},"ix":2},"nm":"Path 1","mn":"ADBE Vector Shape - Group","hd":false},{"ty":"fl","c":{"a":0,"k":[0,0,0,1],"ix":4},"o":{"a":0,"k":100,"ix":5},"r":1,"bm":0,"nm":"Fill 1","mn":"ADBE Vector Graphic - Fill","hd":false},{"ty":"tr","p":{"a":0,"k":[0,0],"ix":2},"a":{"a":0,"k":[0,0],"ix":1},"s":{"a":0,"k":[100,100],"ix":3},"r":{"a":0,"k":0,"ix":6},"o":{"a":0,"k":100,"ix":7},"sk":{"a":0,"k":0,"ix":4},"sa":{"a":0,"k":0,"ix":5},"nm":"Transform"}],"nm":"path4173","np":3,"cix":2,"bm":0,"ix":1,"mn":"ADBE Vector Group","hd":false}],"ip":0,"op":100,"st":0,"bm":0},{"ddd":0,"ind":8,"ty":4,"nm":"path4169","sr":1,"ks":{"o":{"a":0,"k":100,"ix":11},"r":{"a":0,"k":0,"ix":10},"p":{"a":0,"k":[536.8,211.781,0],"ix":2},"a":{"a":0,"k":[106.413,49.177,0],"ix":1},"s":{"a":0,"k":[100,100,100],"ix":6}},"ao":0,"shapes":[{"ty":"gr","it":[{"ind":0,"ty":"sh","ix":1,"ks":{"a":0,"k":{"i":[[0,0],[0,0],[0,0.65],[0,0],[0,0],[0,0],[0,-5.29],[0,0]],"o":[[0,0],[0,0],[0,0],[0,-0.65],[0,0],[2.288,0],[0,5.29],[0,0]],"v":[[61.311,40.267],[39.851,40.28],[39.279,39.461],[39.266,28.634],[39.838,27.815],[59.517,27.815],[66.432,34.249],[61.311,40.267]],"c":false},"ix":2},"nm":"Path 1","mn":"ADBE Vector Shape - Group","hd":false},{"ind":1,"ty":"sh","ix":2,"ks":{"a":0,"k":{"i":[[0,0],[0,0],[0,0],[0,0],[4.718,-3.496],[0,-10.983],[0,0],[0,0],[0,-0.312],[0.663,0],[0,0],[0,0.338],[0,0],[0,0],[0,5.446],[9.761,8.462],[0,0],[0,0],[0,-0.026],[-0.312,0],[0,0],[0,0],[0,0],[0,0],[0,0],[0,0],[-1.963,1.95],[0,12.127],[2.366,2.847],[1.755,1.846],[0,0.286],[-0.377,0.117]],"o":[[0,0],[0,0],[0,0],[-5.849,0],[-4.718,3.496],[0,10.983],[3.418,4.237],[0.195,0.208],[0,0.663],[0,0],[-5.862,-0.026],[0,-0.598],[2.197,-1.053],[9.514,-7.409],[0,-5.459],[-9.761,-8.462],[0,0],[0,0],[0,0.312],[0,0],[0,0],[0,-0.481],[0,0],[7.084,7.162],[0,0],[12.855,0],[1.95,-1.963],[0,-12.114],[-2.106,-2.548],[-0.208,-0.169],[0,-0.429],[0,0]],"v":[[164.201,31.884],[212.826,31.884],[212.826,0],[150.306,0],[131.512,6.512],[119.97,28.959],[126.637,48.482],[138.66,61.544],[138.972,62.337],[137.776,63.533],[89.62,63.533],[83.355,60.843],[84.083,59.868],[90.764,55.319],[101.422,32.299],[90.841,8.722],[68.719,0.026],[0,0.026],[0,97.795],[0.598,98.354],[38.85,98.354],[38.85,70.929],[39.591,70.929],[59.517,90.945],[78.312,98.354],[153.647,98.341],[175.613,89.399],[184.075,67.991],[176.172,46.831],[163.915,33.547],[163.577,32.832],[164.201,31.884]],"c":false},"ix":2},"nm":"Path 2","mn":"ADBE Vector Shape - Group","hd":false},{"ty":"fl","c":{"a":0,"k":[0,0,0,1],"ix":4},"o":{"a":0,"k":100,"ix":5},"r":1,"bm":0,"nm":"Fill 1","mn":"ADBE Vector Graphic - Fill","hd":false},{"ty":"tr","p":{"a":0,"k":[0,0],"ix":2},"a":{"a":0,"k":[0,0],"ix":1},"s":{"a":0,"k":[100,100],"ix":3},"r":{"a":0,"k":0,"ix":6},"o":{"a":0,"k":100,"ix":7},"sk":{"a":0,"k":0,"ix":4},"sa":{"a":0,"k":0,"ix":5},"nm":"Transform"}],"nm":"path4169","np":4,"cix":2,"bm":0,"ix":1,"mn":"ADBE Vector Group","hd":false}],"ip":0,"op":100,"st":0,"bm":0},{"ddd":0,"ind":9,"ty":4,"nm":"path4165","sr":1,"ks":{"o":{"a":0,"k":100,"ix":11},"r":{"a":0,"k":0,"ix":10},"p":{"a":0,"k":[364.97,211.792,0],"ix":2},"a":{"a":0,"k":[57.086,49.184,0],"ix":1},"s":{"a":0,"k":[100,100,100],"ix":6}},"ao":0,"shapes":[{"ty":"gr","it":[{"ind":0,"ty":"sh","ix":1,"ks":{"a":0,"k":{"i":[[0,0],[0,0],[0,0.546],[0,0],[-0.104,0],[0,0],[-0.273,-0.923],[0,-0.195],[0.481,0]],"o":[[0,0],[-0.507,0],[0,-0.195],[0.273,-0.923],[0,0],[0.117,0],[0,0],[0,0.546],[0,0]],"v":[[64.846,57.372],[50.457,57.372],[49.587,56.254],[57.242,31.377],[57.645,30.428],[57.658,30.428],[58.061,31.377],[65.717,56.254],[64.846,57.372]],"c":false},"ix":2},"nm":"Path 1","mn":"ADBE Vector Shape - Group","hd":false},{"ind":1,"ty":"sh","ix":2,"ks":{"a":0,"k":{"i":[[0,0],[0.52,0.039],[0,0],[0.143,-0.481],[0,-0.182],[-0.494,0],[0,0],[-0.065,0.299],[0,0],[-0.364,0.013],[0,0],[-0.13,-0.312],[0,0],[-0.273,-0.104],[-0.026,0],[0,0.481],[0,0]],"o":[[-0.143,-0.494],[0,0],[-0.533,0.052],[0,0],[0,0.481],[0,0],[0.273,-0.104],[0,0],[0.13,-0.325],[0,0],[0.351,0.026],[0,0],[0.065,0.299],[0,0],[0.481,0],[0,-0.169],[0,0]],"v":[[84.252,0.897],[83.147,0],[30.311,0],[29.206,0.884],[0,97.483],[0.871,98.354],[35.796,98.354],[36.342,97.691],[40.41,84.694],[41.203,84.135],[73.424,84.109],[74.217,84.694],[78.377,97.691],[78.923,98.367],[113.289,98.354],[114.173,97.509],[84.252,0.897]],"c":false},"ix":2},"nm":"Path 2","mn":"ADBE Vector Shape - Group","hd":false},{"ty":"fl","c":{"a":0,"k":[0,0,0,1],"ix":4},"o":{"a":0,"k":100,"ix":5},"r":1,"bm":0,"nm":"Fill 1","mn":"ADBE Vector Graphic - Fill","hd":false},{"ty":"tr","p":{"a":0,"k":[0,0],"ix":2},"a":{"a":0,"k":[0,0],"ix":1},"s":{"a":0,"k":[100,100],"ix":3},"r":{"a":0,"k":0,"ix":6},"o":{"a":0,"k":100,"ix":7},"sk":{"a":0,"k":0,"ix":4},"sa":{"a":0,"k":0,"ix":5},"nm":"Transform"}],"nm":"path4165","np":4,"cix":2,"bm":0,"ix":1,"mn":"ADBE Vector Group","hd":false}],"ip":0,"op":100,"st":0,"bm":0}],"markers":[]}